Codigo	Tipo Equipo	Familia	Marca	Modelo	Año	Ubicacion	Control Base	Frecuencia Base	Promedio Diario	Ultima Fecha Lectura	Ultimo Horometro	Ultimo Kilometraje	Lectura Actual	Ultima Fecha PM	Ultima PM	Ultima Lectura PM	Costo Mantenciones CLP	Costo Compras PM CLP	Costo Total PM CLP	Estado Operacional	Estado CMMS	Dias a Proxima Mantencion	Fecha Est. Proxima Mantencion	Fecha Compra PM	Fecha Salida Bodega	Tiempo Compra → Mantención	Tiempo Bodega → Mantención	Estado Bodega → Mantención	Estado Operativo Real	Prioridad Taller	Acción Sugerida
CD-100	Camión Slurry	Camiones de Ruta	Volkswagen	26220	2008		HORAS	250	16,5	02-12-2025	28522	0,00	28522,00	01-04-2026	2882,00	2882	$0	$199.256	$199.256	Operativo	ATRASADA	-25390	28-05-1956	04-03-2026	01-04-2026	28	0	CERRADO	OPERATIVO	BAJA	Monitorear próximo vencimiento
CD-102	Camión Tolva	Camiones de Ruta	Man	TGS 50480	2018	Quirihue	HORAS	250	3,6	20-04-2026	10496	262575,00	10496,00	13-04-2026	10400,00	10400	$0	$0	$0	Operativo	AL DÍA	154	21-09-2026					SIN SALIDA BODEGA	OPERATIVO	BAJA	Monitorear próximo vencimiento
CD-103	Camión Tolva	Camiones de Ruta	Man	TGS 50480	2018		HORAS	250	0	10-05-2023	5327	126893,00	5327,00	00-01-1900	Sin datos de mantención registrado	Sin datos de mantención registrado	$0	$63.431	$63.431	Fuera de Servicio	FUERA DE SERVICIO			16-02-2026		80		SIN SALIDA BODEGA	FUERA DE SERVICIO	NO APLICA	No programar compra
CD-104	Camión Tolva	Camiones de Ruta	Man	TGS 50480	2019		HORAS	250	5,6	02-04-2026	10709	261250,00	10709,00	07-02-2026	Sin datos de mantención registrado	Sin datos de mantención registrado	$0	$63.431	$63.431	Operativo	AL DÍA			16-02-2026	07-02-2026	0	0	CERRADO	OPERATIVO	BAJA	Monitorear próximo vencimiento
CD-105	Camión Tolva	Camiones de Ruta	Man	TGS 50480	2018	Palmucho	HORAS	250	3,7	26-03-2026	10623	257067,00	10623,00	15-04-2026	10738,00	10738	$0	$63.431	$63.431	Operativo	AL DÍA	365	26-03-2027	16-02-2026	24-03-2026	58	22	CERRADO	OPERATIVO	BAJA	Monitorear próximo vencimiento
CD-106	Camión Tolva	Camiones de Ruta	Man	TGS 50480	2019		HORAS	250	0,2	24-03-2026	8345	250115,00	8345,00	22-01-2026	8319,00	8319	$0	$0	$0	Operativo	AL DÍA	224	03-11-2026					SIN SALIDA BODEGA	OPERATIVO	BAJA	Monitorear próximo vencimiento
CD-107	Camión Tolva	Camiones de Ruta	Man	TGS 50480	2019	San Nicolas	HORAS	250	4	11-03-2026	10923	126301,00	10923,00	11-03-2026	10923,00	10923	$0	$2.574.331	$2.574.331	Operativo	AL DÍA	250	16-11-2026	16-02-2026	03-03-2026	23	8	CERRADO	OPERATIVO	BAJA	Monitorear próximo vencimiento
CD-108	Camión Slurry	Camiones de Ruta	International	7600	2008		KM	250	445,3	26-03-2026	0	98639,00	48763,00	00-01-1900	Sin datos de mantención registrado	Sin datos de mantención registrado	$0	$429.968	$429.968	Operativo	EN PROCESO			16-04-2026		21		SIN SALIDA BODEGA	EN PROCESO	SEGUIMIENTO	Hacer seguimiento al taller y cerrar report
CD-109	Camión Plano	Camiones de Ruta	Hino	XZU 6.5 DCAB	2012	Palmucho	KM	10000	44	25-03-2026	0	190409,00	190409,00	12-03-2026	189849,00	189849	$0	$170.433	$170.433	Operativo	AL DÍA	9440	28-01-2052	12-03-2026	10-03-2026	0	2	CERRADO	OPERATIVO	BAJA	Monitorear próximo vencimiento
CD-110	Camión Plano	Camiones de Ruta	Jac	Urban HFC1050K	2015	Cobquecura	KM	10000	67,1	30-03-2026	0	275886,00	275886,00	24-03-2026	275548,00	275548	$0	$21.301	$21.301	Operativo	AL DÍA	9662	11-09-2052	23-02-2026	20-03-2026	29	4	CERRADO	OPERATIVO	BAJA	Monitorear próximo vencimiento
CD-111	Camión Plano	Camiones de Ruta	Mercedes Benz	Atego 1315 48	2007		HORAS	250	0	00-01-1900	0	0,00		00-01-1900	Sin datos de mantención registrado	Sin datos de mantención registrado	$0	$0	$0	Fuera de Servicio	FUERA DE SERVICIO							SIN SALIDA BODEGA	FUERA DE SERVICIO	NO APLICA	No programar compra
CD-112	Camión Pintura	Camiones de Ruta	No hay info	No hay info	No hay info		HORAS	250	0	00-01-1900	0	0,00		00-01-1900	Sin datos de mantención registrado	Sin datos de mantención registrado	$0	$0	$0	Fuera de Servicio	FUERA DE SERVICIO							SIN SALIDA BODEGA	FUERA DE SERVICIO	NO APLICA	No programar compra
CD-113	Camión Imprimador	Camiones de Ruta	Volkswagen	17180M	2011		HORAS	250	0	28-01-2026	0	802920,00		00-01-1900	Sin datos de mantención registrado	Sin datos de mantención registrado	$0	$119.801	$119.801	Operativo	EN PROCESO			26-02-2026		70		SIN SALIDA BODEGA	EN PROCESO	SEGUIMIENTO	Hacer seguimiento al taller y cerrar report
CD-114	Camión Imprimador	Camiones de Ruta	Freightliner	M2 112	1998	Palmucho	HORAS	250	2,1	26-03-2026	3895	63131,00	3882,00	05-05-2026	4010,00	4010	$0	$147.899	$147.899	Operativo	EN PROCESO	378	08-04-2027	07-04-2026		28		SIN SALIDA BODEGA	EN PROCESO	SEGUIMIENTO	Hacer seguimiento al taller y cerrar report
CD-115	Tracto Camión	Camiones de Ruta	Mercedes Benz	LS 1634 45	2011	Taller	HORAS	250	0	11-02-2026	320119	340286,00	320119,00	00-01-1900	Sin datos de mantención registrado	Sin datos de mantención registrado	$0	$121.146	$121.146	Operativo	POR RECIBIR			19-03-2026	09-02-2026	49	87	PENDIENTE	OPERATIVO	BAJA	Monitorear próximo vencimiento
CD-116	Camión Plano	Camiones de Ruta	Wolkswagen	9150E	2012	Villaseca	HORAS	250	0	19-03-2026	0	329583,00		00-01-1900	Sin datos de mantención registrado	Sin datos de mantención registrado	$0	$94.000	$94.000	Operativo	EN PROCESO			25-02-2026		71		SIN SALIDA BODEGA	EN PROCESO	SEGUIMIENTO	Hacer seguimiento al taller y cerrar report
CD-117	Camión Slurry	Camiones de Ruta	No hay info	No hay info	No hay info		HORAS	250	0	12-01-2026	0	114148,00		00-01-1900	Sin datos de mantención registrado	Sin datos de mantención registrado	$0	$0	$0	Fuera de Servicio	FUERA DE SERVICIO							SIN SALIDA BODEGA	FUERA DE SERVICIO	NO APLICA	No programar compra
CD-118	Camión Plano	Camiones de Ruta	Freightliner	M2 106	2010	Quirihue	HORAS	250	0	18-03-2026	0	917261,00		00-01-1900	Sin datos de mantención registrado	Sin datos de mantención registrado	$0	$155.393	$155.393	Operativo	EN PROCESO			27-04-2026		10		SIN SALIDA BODEGA	EN PROCESO	SEGUIMIENTO	Hacer seguimiento al taller y cerrar report
CD-119	Camión Combustible	Camiones de Ruta	Hino	GH8JMTA	2013	Quirihue	KM	10000	645,8	03-04-2026	8693	195800,00	194120,00	18-03-2026	195600,00	195600	$313.654	$372.096	$685.750	Operativo	AL DÍA	11480	07-09-2057	18-02-2026	18-03-2026	28	0	CERRADO	OPERATIVO	BAJA	Monitorear próximo vencimiento
CD-120	Camión Tolva	Camiones de Ruta	Man	TGS 40400 BB	2024	Cobquecura	HORAS	250	3,5	17-03-2026	3426	173890,00	3426,00	05-03-2026	3406,00	3406	$0	$63.431	$63.431	Operativo	AL DÍA	230	02-11-2026	16-02-2026	27-02-2026	17	6	CERRADO	OPERATIVO	BAJA	Monitorear próximo vencimiento
CD-121	Camión Tolva	Camiones de Ruta	Man	TGS 40400 BB	2024	Cobquecura	HORAS	250	4,1	30-03-2026	3552	89291,00	3552,00	04-03-2026	3468,00	3468	$0	$63.431	$63.431	Operativo	AL DÍA	166	12-09-2026	16-02-2026	27-02-2026	16	5	CERRADO	OPERATIVO	BAJA	Monitorear próximo vencimiento
CD-122	Camión Tolva	Camiones de Ruta	Man	TGS 40400 BB	2024	Quirihue	HORAS	250	4,8	25-03-2026	3774	97492,00	3774,00	12-03-2026	85284,00	3694	$231.191	$90.431	$321.622	Operativo	AL DÍA	170	11-09-2026	16-02-2026	12-03-2026	24	0	CERRADO	OPERATIVO	BAJA	Monitorear próximo vencimiento
CD-123	Camión Tolva	Camiones de Ruta	Man	TGS 40400 BB	2024		HORAS	250	4,3	20-03-2026	3720	99818,00	3720,00	12-03-2026	3693,00	3693	$0	$2.179.821	$2.179.821	Operativo	AL DÍA	223	29-10-2026	16-02-2026	27-02-2026	24	13	CERRADO	OPERATIVO	BAJA	Monitorear próximo vencimiento
CD-124	Camión Tolva	Camiones de Ruta	Man	TGS 40400 BB	2024		HORAS	250	0	26-01-2026	0	48160,00		00-01-1900	Sin datos de mantención registrado	Sin datos de mantención registrado	$0	$63.431	$63.431	Fuera de Servicio	FUERA DE SERVICIO			16-02-2026		80		SIN SALIDA BODEGA	FUERA DE SERVICIO	NO APLICA	No programar compra
CD-125	Camión Maxus	Camiones de Ruta	Maxus	C35 2.0	2023		HORAS	250	0	19-03-2026	1471	79301,00	1471,00	00-01-1900	Sin datos de mantención registrado	Sin datos de mantención registrado	$0	$103.591	$103.591	Operativo	POR RECIBIR			18-03-2026	27-02-2026	50	69	PENDIENTE	OPERATIVO	BAJA	Monitorear próximo vencimiento
CD-126	Camión Maxus	Camiones de Ruta	Maxus	C35 2.0	2023		HORAS	250	0	00-01-1900	0	0,00		00-01-1900	Sin datos de mantención registrado	Sin datos de mantención registrado	$0	$0	$0	Operativo	AL DÍA							SIN SALIDA BODEGA	OPERATIVO	BAJA	Monitorear próximo vencimiento
CD-127	Camión Pluma	Camiones de Ruta	International	4300	2012	Oficina Central	HORAS	250	0	02-04-2026	0	511388,00		17-04-2026	138500,00	138500	$0	$222.793	$222.793	Operativo	AL DÍA			05-03-2026	17-04-2026	43	0	CERRADO	OPERATIVO	BAJA	Monitorear próximo vencimiento
CD-128	Camión slurry	Camiones de Ruta	Mack	GU 813	2012	Retiro	HORAS	250	0	24-03-2026	0	141791,00		00-01-1900	Sin datos de mantención registrado	Sin datos de mantención registrado	$0	$183.418	$183.418	Operativo	EN PROCESO			04-05-2026		3		SIN SALIDA BODEGA	EN PROCESO	SEGUIMIENTO	Hacer seguimiento al taller y cerrar report
CD-129	Camión Aljibe	Camiones de Ruta	Mack	GU 813	2012		HORAS	250	0	00-01-1900	0	0,00		00-01-1900	Sin datos de mantención registrado	Sin datos de mantención registrado	$0	$0	$0	Fuera de Servicio	FUERA DE SERVICIO							SIN SALIDA BODEGA	FUERA DE SERVICIO	NO APLICA	No programar compra
CD-130	Camión Tolva	Camiones de Ruta	Renault	K480	2021		HORAS	250	0	29-12-2025	0	80732,00		00-01-1900	Sin datos de mantención registrado	Sin datos de mantención registrado	$0	$0	$0	Fuera de Servicio	FUERA DE SERVICIO							SIN SALIDA BODEGA	FUERA DE SERVICIO	NO APLICA	No programar compra
CD-131	Camión Tolva	Camiones de Ruta	Renault	K480	2021		HORAS	250	0	12-12-2025	0	80500,00		00-01-1900	Sin datos de mantención registrado	Sin datos de mantención registrado	$0	$0	$0	Fuera de Servicio	FUERA DE SERVICIO							SIN SALIDA BODEGA	FUERA DE SERVICIO	NO APLICA	No programar compra
CD-132	Camión Tolva	Camiones de Ruta	Renault	K480	2021	Palmucho	HORAS	250	66,8	03-04-2026	9497	195464,00	7602,00	24-03-2026	189042,00	189042	$0	$0	$0	Operativo	AL DÍA	181690	15-09-2523		06-03-2026		18	CERRADO	OPERATIVO	BAJA	Monitorear próximo vencimiento
CD-133	Camión Plano	Camiones de Ruta	International	7400	2010		HORAS	250	0	00-01-1900	0	0,00		00-01-1900	Sin datos de mantención registrado	Sin datos de mantención registrado	$0	$0	$0	Fuera de Servicio	FUERA DE SERVICIO							SIN SALIDA BODEGA	FUERA DE SERVICIO	NO APLICA	No programar compra
CD-134	Camión Plano	Camiones de Ruta	International	4300	2012		HORAS	250	0	28-01-2026	0	121065,00		00-01-1900	73978,00	Sin datos de mantención registrado	$0	$162.080	$162.080	Operativo	EN PROCESO			04-05-2026		3		SIN SALIDA BODEGA	EN PROCESO	SEGUIMIENTO	Hacer seguimiento al taller y cerrar report
CD-135	Camión Plano	Camiones de Ruta	Mack	GU 813	2014		HORAS	250	0	00-01-1900	0	0,00		00-01-1900	Sin datos de mantención registrado	Sin datos de mantención registrado	$0	$0	$0	Fuera de Servicio	FUERA DE SERVICIO							SIN SALIDA BODEGA	FUERA DE SERVICIO	NO APLICA	No programar compra
CD-136	Camión Combustible	Camiones de Ruta	Hino	HZU	2015		KM	250	81,7	24-02-2026	0	62298,00	62298,00	04-05-2026	72839,00	72839	$0	$54.300	$54.300	Operativo	AL DÍA	10791	11-09-2055	07-04-2026	09-04-2026	27	25	CERRADO	OPERATIVO	BAJA	Monitorear próximo vencimiento
CD-137	Tracto Camión	Camiones de Ruta	Mercedes Benz	Axor 1936	2014		HORAS	250	0	19-03-2026	0	649418,00		00-01-1900	Sin datos de mantención registrado	Sin datos de mantención registrado	$0	$447.716	$447.716	Operativo	EN PROCESO			16-04-2026		21		SIN SALIDA BODEGA	EN PROCESO	SEGUIMIENTO	Hacer seguimiento al taller y cerrar report
CD-138	Camion Imprimador	Maquinaria Pesada	Sterling	L7500		San Carlos	HORAS	250	1	17-03-2026	26470	121996,00	26470,00	00-01-1900	Sin datos de mantención registrado	Sin datos de mantención registrado	$0	$305.484	$305.484	Fuera de Servicio	FUERA DE SERVICIO			23-03-2026		45		SIN SALIDA BODEGA	FUERA DE SERVICIO	NO APLICA	No programar compra
CD-139	Camion Plano	Maquinaria Pesada	Mercedes Benz	Atego 1015	2011		HORAS	250	0	00-01-1900	0	0,00		00-01-1900	Sin datos de mantención registrado	Sin datos de mantención registrado	$0	$0	$0	Fuera de Servicio	FUERA DE SERVICIO							SIN SALIDA BODEGA	FUERA DE SERVICIO	NO APLICA	No programar compra
CD-140	Camion Plano	Maquinaria Pesada	Mercedes Benz	915 C 37	2011	Cobquecura	HORAS	250	0	30-03-2026	0	787536,00		05-03-2026	295000,00	295000	$0	$0	$0	Operativo	POR RECIBIR				09-03-2026		0	PENDIENTE	OPERATIVO	BAJA	Monitorear próximo vencimiento
CD-141	Camion Mixer	Maquinaria Pesada	Mack	DM 690S	1997		HORAS	250	0	00-01-1900	0	0,00		00-01-1900	Sin datos de mantención registrado	Sin datos de mantención registrado	$0	$0	$0	Operativo	AL DÍA							SIN SALIDA BODEGA	OPERATIVO	BAJA	Monitorear próximo vencimiento
CD-142	Camion Mixer	Maquinaria Pesada	Freightliner	FLD 112	2006		HORAS	250	0	00-01-1900	0	0,00		06-01-2026	331891,00	331891	$0	$206.297	$206.297	Operativo	EN PROCESO			04-05-2026		0		SIN SALIDA BODEGA	EN PROCESO	SEGUIMIENTO	Hacer seguimiento al taller y cerrar report
CD-51	Camión Combustible	Camiones de Ruta	Hino	XZU 8.0	2011	Palmucho	HORAS	250	0	26-03-2026	0	805073,00		00-01-1900	Sin datos de mantención registrado	Sin datos de mantención registrado	$0	$131.995	$131.995	Operativo	EN PROCESO			26-02-2026		70		SIN SALIDA BODEGA	EN PROCESO	SEGUIMIENTO	Hacer seguimiento al taller y cerrar report
CD-57	Camión Plano	Camiones de Ruta	Hino	XZUDCAB	2012		HORAS	250	0	22-01-2021	0	169355,00		00-01-1900	Sin datos de mantención registrado	Sin datos de mantención registrado	$0	$0	$0	Fuera de Servicio	FUERA DE SERVICIO							SIN SALIDA BODEGA	FUERA DE SERVICIO	NO APLICA	No programar compra
CD-68	Camión Aljibe	Camiones de Ruta	Mack	GU 813	2008		HORAS	250	0	27-03-2026	481560	261307,00	481560,00	00-01-1900	Sin datos de mantención registrado	Sin datos de mantención registrado	$0	$381.400	$381.400	Operativo	EN PROCESO			23-03-2026		45		SIN SALIDA BODEGA	EN PROCESO	SEGUIMIENTO	Hacer seguimiento al taller y cerrar report
CD-69	Tracto Camión	Camiones de Ruta	Scania	P400A	2018	Palmucho	HORAS	250	0,6	26-03-2026	8002	775645,00	8002,00	20-02-2026	461588,00	461588	$0	$707.135	$707.135	Operativo	AL DÍA	453836	27-11-3268	12-02-2026	20-02-2026	8	0	CERRADO	OPERATIVO	BAJA	Monitorear próximo vencimiento
CD-71	Camión Aljibe	Camiones de Ruta	Mack	GU 813	2008	Palmucho	HORAS	250	0	26-03-2026	0	175043,00		00-01-1900	Sin datos de mantención registrado	Sin datos de mantención registrado	$0	$393.831	$393.831	Operativo	POR RECIBIR			25-02-2026	06-03-2026	71	62	PENDIENTE	OPERATIVO	BAJA	Monitorear próximo vencimiento
CD-73	Camión Aljibe	Camiones de Ruta	Mack	GU 813	2014		HORAS	250	0	22-04-2021	7867	112495,00	7867,00	00-01-1900	Sin datos de mantención registrado	Sin datos de mantención registrado	$0	$0	$0	Operativo	AL DÍA							SIN SALIDA BODEGA	OPERATIVO	BAJA	Monitorear próximo vencimiento
CD-74	Tracto Camión	Camiones de Ruta	Renault	Premium Lander	2011		HORAS	250	0	00-01-1900	0	0,00		00-01-1900	Sin datos de mantención registrado	Sin datos de mantención registrado	$0	$0	$0	Fuera de Servicio	FUERA DE SERVICIO							SIN SALIDA BODEGA	FUERA DE SERVICIO	NO APLICA	No programar compra
CD-80	Camión Pluma	Camiones de Ruta	International	7600	2012		HORAS	250	0	06-03-2023	10625	237000,00	10625,00	00-01-1900	Sin datos de mantención registrado	Sin datos de mantención registrado	$0	$0	$0	Fuera de Servicio	FUERA DE SERVICIO							SIN SALIDA BODEGA	FUERA DE SERVICIO	NO APLICA	No programar compra
CD-86	Camión Aljibe	Camiones de Ruta	Kenworth	T800	2010	Quirihue	HORAS	250	4,6	19-02-2026	6418	106761,00	1626,00	00-01-1900	Sin datos de mantención registrado	Sin datos de mantención registrado	$0	$288.200	$288.200	Operativo	POR RECIBIR			23-02-2026	04-03-2026	73	64	PENDIENTE	OPERATIVO	BAJA	Monitorear próximo vencimiento
CD-87	Camión Tolva	Camiones de Ruta	Man	TGS 40400 BB	2020	Palmucho	HORAS	250	4,2	27-03-2026	9933	199190,00	9403,00	13-02-2026	9302,00	9302	$0	$63.431	$63.431	Operativo	POR RECIBIR	149	23-08-2026	16-02-2026	24-02-2026	0	0	PENDIENTE	OPERATIVO	BAJA	Monitorear próximo vencimiento
CD-88	Camión Tolva	Camiones de Ruta	Man	TGS 40400 BB	2020	Quirihue	HORAS	250	1,2	21-04-2026	3508	219496,00	1990,00	02-03-2026	1978,00	1978	$0	$465.747	$465.747	Operativo	POR RECIBIR	238	15-12-2026	16-02-2026	05-03-2026	14	0	PENDIENTE	OPERATIVO	BAJA	Monitorear próximo vencimiento
CD-89	Camión Tolva	Camiones de Ruta	Man	TGS 40400 BB	2020	Palmucho	HORAS	250	3,5	26-03-2026	8634	166100,00	8634,00	00-01-1900	Sin datos de mantención registrado	Sin datos de mantención registrado	$0	$63.431	$63.431	Operativo	POR RECIBIR			16-02-2026	24-03-2026	80	44	PENDIENTE	OPERATIVO	BAJA	Monitorear próximo vencimiento
CD-90	Camión Tolva	Camiones de Ruta	Man	TGS 40400 BB	2020	Palmucho	HORAS	250	3,8	02-04-2026	9364	212344,00	7310,00	19-03-2026	9317,00	9317	$0	$63.431	$63.431	Operativo	AL DÍA	2257	06-06-2032	16-02-2026	16-03-2026	31	3	CERRADO	OPERATIVO	BAJA	Monitorear próximo vencimiento
CD-91	Camión Tolva	Camiones de Ruta	Man	TGS 40400 BB	2020		HORAS	250	3,1	04-03-2026	8719	193551,00	8719,00	00-01-1900	Sin datos de mantención registrado	Sin datos de mantención registrado	$0	$63.431	$63.431	Fuera de Servicio	FUERA DE SERVICIO			16-02-2026		80		SIN SALIDA BODEGA	FUERA DE SERVICIO	NO APLICA	No programar compra
CD-92	Camión Combustible	Camiones de Ruta	Hino	XZU423L	2011		HORAS	250	0	03-02-2026	0	87289,00		00-01-1900	Sin datos de mantención registrado	Sin datos de mantención registrado	$0	$170.433	$170.433	Fuera de Servicio	FUERA DE SERVICIO			12-03-2026		56		SIN SALIDA BODEGA	FUERA DE SERVICIO	NO APLICA	No programar compra
CD-93	Camión Plano	Camiones de Ruta	Hino	XZUDCAB	2013		HORAS	250	0	00-01-1900	0	0,00		00-01-1900	Sin datos de mantención registrado	Sin datos de mantención registrado	$0	$170.433	$170.433	Fuera de Servicio	FUERA DE SERVICIO			26-02-2026		70		SIN SALIDA BODEGA	FUERA DE SERVICIO	NO APLICA	No programar compra
CD-94	Camión Tolva	Camiones de Ruta	Man	TGS 33400	2018	Palmucho	HORAS	250	10,2	26-03-2026	8894	167802,00	8894,00	00-01-1900	Sin datos de mantención registrado	Sin datos de mantención registrado	$0	$522.261	$522.261	Operativo	POR RECIBIR			16-02-2026	16-03-2026	80	52	PENDIENTE	OPERATIVO	BAJA	Monitorear próximo vencimiento
CD-96	Camión Aljibe	Camiones de Ruta	Mercedes Benz	Atego 1315 48	2007	Palmucho	KM	250	189,3	12-02-2026	8273	571151,00	571151,00	00-01-1900	Sin datos de mantención registrado	Sin datos de mantención registrado	$0	$215.798	$215.798	Operativo	POR RECIBIR			26-02-2026	16-03-2026	70	52	PENDIENTE	OPERATIVO	BAJA	Monitorear próximo vencimiento
CD-97	Tracto Camión	Camiones de Ruta	Man	TGS 33480	2013		HORAS	250	0	27-02-2026	0	534934,00		23-12-2025	530211,00	530211	$0	$0	$0	Operativo	AL DÍA							SIN SALIDA BODEGA	OPERATIVO	BAJA	Monitorear próximo vencimiento
CD-98	Camión Plano	Camiones de Ruta	Hino	Xzu 6.5	2014		HORAS	250	0	02-04-2026	2023	342905,00	2023,00	31-03-2026	342684,00	342684	$0	$271.270	$271.270	Operativo	AL DÍA	340911	20-08-2959	23-02-2026	16-03-2026	36	15	CERRADO	OPERATIVO	BAJA	Monitorear próximo vencimiento
CD-99	Camión Aljibe	Camiones de Ruta	Freightliner	M2 112	2013	Palmucho	HORAS	250	0,2	11-03-2026	13594	354613,00	13594,00	00-01-1900	Sin datos de mantención registrado	Sin datos de mantención registrado	$0	$0	$0	Fuera de Servicio	FUERA DE SERVICIO							SIN SALIDA BODEGA	FUERA DE SERVICIO	NO APLICA	No programar compra
ED-51	Gravilladora	Maquinaria Pesada	Etnyre	K-5180	2010		HORAS	250	0	23-03-2026	609	352,00	609,00	00-01-1900	Sin datos de mantención registrado	Sin datos de mantención registrado	$0	$0	$0	Operativo	AL DÍA							SIN SALIDA BODEGA	OPERATIVO	BAJA	Monitorear próximo vencimiento
ED-52	Barredora	Maquinaria Pesada	Rosco	Rb-48	2000	Quirihue	HORAS	250	0,6	20-03-2026	1225	0,00	604,00	09-04-2026	402,00	402	$0	$149.299	$149.299	Operativo	AL DÍA	48	07-05-2026	19-03-2026	09-04-2026	21	0	CERRADO	OPERATIVO	BAJA	Monitorear próximo vencimiento
ED-61	Gravilladora	Maquinaria Pesada	Rosco	4wd	2001		HORAS	250	2,3	25-03-2026	1537	58585,00	1537,00	27-03-2026	1541,00	1541	$0	$62.300	$62.300	Operativo	AL DÍA	254	04-12-2026	10-03-2026	23-03-2026	17	4	CERRADO	OPERATIVO	BAJA	Monitorear próximo vencimiento
ED-63	Barredora	Maquinaria Pesada	Rosco	K-5180	2000	Quirihue	HORAS	250	1,6	23-03-2026	210	2555,00	31,00	00-01-1900	Sin datos de mantención registrado	Sin datos de mantención registrado	$0	$126.878	$126.878	Fuera de Servicio	FUERA DE SERVICIO			24-03-2026		44		SIN SALIDA BODEGA	FUERA DE SERVICIO	NO APLICA	No programar compra
ED-66	Planta Micropavimento	Maquinaria Pesada	Romanelli	UHR700H	2021		HORAS	250	0	00-01-1900	0	0,00		00-01-1900	Sin datos de mantención registrado	Sin datos de mantención registrado	$0	$0	$0	Operativo	AL DÍA							SIN SALIDA BODEGA	OPERATIVO	BAJA	Monitorear próximo vencimiento
ED-67	Imprimador	Maquinaria Pesada	Rayner	Rayner	2020		HORAS	250	0	00-01-1900	0	0,00		00-01-1900	Sin datos de mantención registrado	Sin datos de mantención registrado	$0	$0	$0	Operativo	AL DÍA							SIN SALIDA BODEGA	OPERATIVO	BAJA	Monitorear próximo vencimiento
ED-73	Gravilladora	Maquinaria Pesada	Rosco	SPRHH	2007	San Carlos	HORAS	250	2,9	26-02-2026	785	0,00	785,00	15-04-2026	867,00	867	$0	$70.385	$70.385	0	AL DÍA	332	24-01-2027	09-04-2026	12-03-2026	6	34	CERRADO	OPERATIVO	BAJA	Monitorear próximo vencimiento
EQP-10	Planta aridos	Maquinaria Pesada	Sandvik	QS331	2016		HORAS	250	0	00-01-1900	0	0,00		00-01-1900	Sin datos de mantención registrado	Sin datos de mantención registrado	$0	$0	$0	Operativo	AL DÍA							SIN SALIDA BODEGA	OPERATIVO	BAJA	Monitorear próximo vencimiento
EQP-11	Planta Aridos seleccionadora	Maquinaria Pesada	Terex	674	2017	Palmucho	HORAS	250	2	26-03-2026	2050	1884,00	2050,00	26-03-2026	2050,00	2050	$0	$0	$0	Operativo	AL DÍA	250	01-12-2026	01-04-2026	24-03-2026	0	2	CERRADO	OPERATIVO	BAJA	Monitorear próximo vencimiento
EQP-13	Planta aridos	Maquinaria Pesada	Sandvik	UH440I	2010		HORAS	250	0	00-01-1900	0	0,00		00-01-1900	Sin datos de mantención registrado	Sin datos de mantención registrado	$0	$559.290	$559.290	Fuera de Servicio	FUERA DE SERVICIO			12-03-2026		56		SIN SALIDA BODEGA	FUERA DE SERVICIO	NO APLICA	No programar compra
EQP-14	Planta aridos	Maquinaria Pesada	Kleemann	Mc 110R	2014		HORAS	250	0	00-01-1900	0	0,00		00-01-1900	Sin datos de mantención registrado	Sin datos de mantención registrado	$0	$0	$0	Fuera de Servicio	FUERA DE SERVICIO							SIN SALIDA BODEGA	FUERA DE SERVICIO	NO APLICA	No programar compra
EQP-15	Planta Aridos seleccionadora	Maquinaria Pesada	Rubble Master	HS 11000 M	2020		HORAS	250	4739,6	19-03-2026	512195	0,00	5170,00	00-01-1900	Sin datos de mantención registrado	Sin datos de mantención registrado	$0	$0	$0	Fuera de Servicio	FUERA DE SERVICIO							SIN SALIDA BODEGA	FUERA DE SERVICIO	NO APLICA	No programar compra
EQP-16	Planta aridos	Maquinaria Pesada	Sandvik	UH440I	2010	Palmucho	HORAS	250	89,4	26-03-2026	16523	0,00	6556,00	00-01-1900	Sin datos de mantención registrado	Sin datos de mantención registrado	$0	$77.369	$77.369	Fuera de Servicio	FUERA DE SERVICIO			23-03-2026		45		SIN SALIDA BODEGA	FUERA DE SERVICIO	NO APLICA	No programar compra
EQP-17	Planta Aridos seleccionadora	Maquinaria Pesada	Maximuss	512			HORAS	250	7,2	07-01-2026	3964	0,00	3727,00	00-01-1900	Sin datos de mantención registrado	Sin datos de mantención registrado	$0	$359.015	$359.015	Fuera de Servicio	FUERA DE SERVICIO			05-05-2026		2		SIN SALIDA BODEGA	FUERA DE SERVICIO	NO APLICA	No programar compra
EQP-18	Planta aridos	Maquinaria Pesada	Kleemann	Mc 110Z	2019	Palmucho	HORAS	250	24,2	26-03-2026	7453	0,00	4916,00	30-03-2026	4924,00	4924	$0	$319.800	$319.800	Operativo	AL DÍA	258	09-12-2026	12-03-2026	24-03-2026	18	6	CERRADO	OPERATIVO	BAJA	Monitorear próximo vencimiento
EQP-19	Planta aridos	Maquinaria Pesada	Iveco	GeCursor 300ED	2008		HORAS	250	0	00-01-1900	0	0,00		00-01-1900	Sin datos de mantención registrado	Sin datos de mantención registrado	$0	$0	$0	Operativo	AL DÍA							SIN SALIDA BODEGA	OPERATIVO	BAJA	Monitorear próximo vencimiento
EQP-7	Planta aridos	Maquinaria Pesada	Sandvik	UH440I	2010	Quirihue	HORAS	250	0,5	23-04-2026	16454	0,00	15846,00	16-03-2026	15727,00	15727	$866.929	$0	$866.929	Operativo	AL DÍA	131	01-09-2026					SIN SALIDA BODEGA	OPERATIVO	BAJA	Monitorear próximo vencimiento
EQP-9	Planta aridos	Maquinaria Pesada	Sandvik	QJ341	2014		HORAS	250	0	00-01-1900	0	0,00		00-01-1900	Sin datos de mantención registrado	Sin datos de mantención registrado	$0	$0	$0	Operativo	AL DÍA							SIN SALIDA BODEGA	OPERATIVO	BAJA	Monitorear próximo vencimiento
MD-100	Excavadora	Maquinaria Pesada	Sany	SY215CLC	2024	Quirihue	HORAS	250	5,9	23-04-2026	3006	0,00	3006,00	30-03-2026	2885,00	2885	$0	$721.916	$721.916	Operativo	AL DÍA	129	30-08-2026	04-03-2026	30-03-2026	26	0	CERRADO	OPERATIVO	BAJA	Monitorear próximo vencimiento
MD-101	Motoniveladora	Maquinaria Pesada	Komatsu	GD675 5	2018	Palmucho	HORAS	250	3,8	26-03-2026	10057	0,00	10057,00	22-04-2026	10154,00	10154	$0	$0	$0	Operativo	AL DÍA	347	08-03-2027					SIN SALIDA BODEGA	OPERATIVO	BAJA	Monitorear próximo vencimiento
MD-102	Rodillo	Maquinaria Pesada	Bomag	BW211 D40	2014	Cobquecura	HORAS	250	3,2	30-03-2026	5690	0,00	5690,00	17-03-2026	5648,00	5648	$177.476	$546.049	$723.525	Operativo	EN PROCESO	208	24-10-2026	20-04-2026		0		SIN SALIDA BODEGA	EN PROCESO	SEGUIMIENTO	Hacer seguimiento al taller y cerrar report
MD-103	Rodillo	Maquinaria Pesada	Bomag	BW211 D5	2019	Quirihue	HORAS	250	4,2	17-03-2026	4327	4226,00	4327,00	20-04-2026	4308,00	4308	$0	$263.781	$263.781	Operativo	AL DÍA	231	03-11-2026	02-03-2026	12-03-2026	49	39	CERRADO	OPERATIVO	BAJA	Monitorear próximo vencimiento
MD-104	Excavadora	Maquinaria Pesada	Sany	SY215CLC	2024	Pelluhue	HORAS	250	3,5	18-03-2026	1474	0,00	1474,00	08-04-2026	1540,00	1540	$0	$397.095	$397.095	Operativo	AL DÍA	316	28-01-2027	12-03-2026	08-04-2026	27	0	CERRADO	OPERATIVO	BAJA	Monitorear próximo vencimiento
MD-105	Cargador Frontal	Maquinaria Pesada	Hyundai	HL7709S	2019		HORAS	250	2	07-01-2026	761	771,00	761,00	00-01-1900	Sin datos de mantención registrado	Sin datos de mantención registrado	$0	$365.384	$365.384	Operativo	EN PROCESO			05-03-2026		63		SIN SALIDA BODEGA	EN PROCESO	SEGUIMIENTO	Hacer seguimiento al taller y cerrar report
MD-107	Cargador Frontal	Maquinaria Pesada	Sany	SW978K1	2024	Quirihue	HORAS	250	6	23-04-2026	1743	0,00	1743,00	05-03-2026	1462,00	1462	$249.078	$529.775	$778.853	Operativo	ATRASADA	-31	23-03-2026	04-03-2026	05-03-2026	1	0	CERRADO	OPERATIVO	BAJA	Monitorear próximo vencimiento
MD-108	Rodillo de Neumaticos	Maquinaria Pesada	Hamm	"	GRW 15"	2008	San Carlos	HORAS	250	79	18-03-2026	5326	0,00	5326,00	00-01-1900	Sin datos de mantención registrado	Sin datos de mantención registrado	$0	$0	$0	Operativo	EN PROCESO			25-03-2026		43		SIN SALIDA BODEGA	EN PROCESO	SEGUIMIENTO	Hacer seguimiento al taller y cerrar report
MD-109	Motoniveladora	Maquinaria Pesada	Caterpillar	12M	2019	Palmucho	HORAS	250	65	24-03-2026	13383	0,00	13383,00	09-01-2026	87661,00	87661	$0	$0	$0	Operativo	POR RECIBIR	74528	12-04-2230		06-03-2026		0	PENDIENTE	OPERATIVO	BAJA	Monitorear próximo vencimiento
MD-110	Motoniveladora	Maquinaria Pesada	Caterpillar	12M	2019	Quirihue	HORAS	250	7,3	20-03-2026	8819	0,00	8819,00	29-04-2026	8832,00	8832	$0	$775.405	$775.405	Operativo	AL DÍA	263	08-12-2026	30-03-2026	05-02-2026	30	83	CERRADO	OPERATIVO	BAJA	Monitorear próximo vencimiento
MD-25	Motoniveladora	Maquinaria Pesada	John Deere	772 D	2010	San Carlos	HORAS	250	1,8	31-03-2026	14925	0,00	11631,00	00-01-1900	Sin datos de mantención registrado	Sin datos de mantención registrado	$0	$763.403	$763.403	Operativo	POR RECIBIR			27-02-2026	06-03-2026	69	62	PENDIENTE	OPERATIVO	BAJA	Monitorear próximo vencimiento
MD-26	Motoniveladora	Maquinaria Pesada	John Deere	772 D	2010	Cobquecura	HORAS	250	2,9	30-03-2026	17019	0,00	17019,00	05-03-2026	16953,00	16953	$0	$496.871	$496.871	Operativo	AL DÍA	184	30-09-2026	04-03-2026	27-02-2026	1	6	CERRADO	OPERATIVO	BAJA	Monitorear próximo vencimiento
MD-28	Excavadora	Maquinaria Pesada	Doosan	Dx225lca	2011		HORAS	250	1,6	27-04-2026	21474	0,00	21474,00	09-04-2026	21445,00	21445	$0	$115.924	$115.924	Operativo	AL DÍA	221	04-12-2026	03-03-2026	24-03-2026	37	16	CERRADO	OPERATIVO	BAJA	Monitorear próximo vencimiento
MD-33	Excavadora	Maquinaria Pesada	Komatsu	PC450 7E0	2008		HORAS	250	0	15-05-2023	10128	0,00	10128,00	00-01-1900	Sin datos de mantención registrado	Sin datos de mantención registrado	$0	$0	$0	Taller	EN TALLER							SIN SALIDA BODEGA	EN TALLER	BAJA	Monitorear próximo vencimiento
MD-36	Cargador Frontal	Maquinaria Pesada	Caterpillar	966H	2012		HORAS	250	3,3	26-02-2026	27779	0,00	27779,00	00-01-1900	Sin datos de mantención registrado	Sin datos de mantención registrado	$0	$634.846	$634.846	Taller	EN TALLER			06-04-2026		31		SIN SALIDA BODEGA	EN TALLER	BAJA	Monitorear próximo vencimiento
MD-37	Cargador Frontal	Maquinaria Pesada	Volvo	l120F	2012		HORAS	250	0	27-03-2026	14098	0,00	14098,00	24-03-2026	13482,00	13482	$0	$0	$0	Taller	EN TALLER	-366	26-03-2025		24-03-2026		0	CERRADO	EN TALLER	BAJA	Monitorear próximo vencimiento
MD-38	Rodillo	Maquinaria Pesada	Bomag	BW211 D40	2012		HORAS	250	0	20-09-2023	7947	0,00	7947,00	00-01-1900	Sin datos de mantención registrado	Sin datos de mantención registrado	$0	$0	$0	Operativo	AL DÍA							SIN SALIDA BODEGA	OPERATIVO	BAJA	Monitorear próximo vencimiento
MD-39	Motoniveladora	Maquinaria Pesada	Volvo	G940	2013		HORAS	250	18,8	27-03-2026	9001	0,00	9000,50	04-03-2026	8980,00	8980	$0	$237.325	$237.325	Operativo	AL DÍA	229,5	11-11-2026	02-03-2026	04-03-2026	2	0	CERRADO	OPERATIVO	BAJA	Monitorear próximo vencimiento
MD-41	Rodillo	Maquinaria Pesada	Bomag	BW211 D40	2011	Palmucho	HORAS	250	1,4	26-03-2026	7073	0,00	7073,00	00-01-1900	Sin datos de mantención registrado	Sin datos de mantención registrado	$0	$0	$0	Operativo	POR RECIBIR				20-02-2026		76	PENDIENTE	OPERATIVO	BAJA	Monitorear próximo vencimiento
MD-42	Cargador Frontal	Maquinaria Pesada	Volvo	L150G	2013		HORAS	250	0	00-01-1900	0	0,00		00-01-1900	Sin datos de mantención registrado	Sin datos de mantención registrado	$0	$0	$0	Taller	EN TALLER							SIN SALIDA BODEGA	EN TALLER	BAJA	Monitorear próximo vencimiento
MD-43	Excavadora	Maquinaria Pesada	Volvo	EC330BLC	2013		HORAS	250	0	00-01-1900	0	0,00		00-01-1900	Sin datos de mantención registrado	Sin datos de mantención registrado	$0	$0	$0	Taller	EN TALLER							SIN SALIDA BODEGA	EN TALLER	BAJA	Monitorear próximo vencimiento
MD-45	Cargador Frontal	Maquinaria Pesada	John Deere	624K	2014	Palmucho	HORAS	250	2	26-03-2026	26059	0,00	26059,00	00-01-1900	Sin datos de mantención registrado	Sin datos de mantención registrado	$0	$0	$0	Operativo	POR RECIBIR				20-02-2026		76	PENDIENTE	OPERATIVO	BAJA	Monitorear próximo vencimiento
MD-46	Excavadora	Maquinaria Pesada	Doosan	Dx225lca	2019		HORAS	250	4,1	26-02-2026	11976	0,00	11880,00	00-01-1900	Sin datos de mantención registrado	Sin datos de mantención registrado	$0	$228.336	$228.336	Operativo	EN PROCESO			19-03-2026		49		SIN SALIDA BODEGA	EN PROCESO	SEGUIMIENTO	Hacer seguimiento al taller y cerrar report
MD-47	Excavadora	Maquinaria Pesada	John Deere	350GLC	2013		HORAS	250	0	00-01-1900	0	0,00		00-01-1900	Sin datos de mantención registrado	Sin datos de mantención registrado	$0	$0	$0	Operativo	AL DÍA							SIN SALIDA BODEGA	OPERATIVO	BAJA	Monitorear próximo vencimiento
MD-49	Retroexcavadora	Maquinaria Pesada	New Holland	B90B 4X4	2011		HORAS	250	5,8	23-03-2026	14728	0,00	1965,00	27-03-2026	1974,00	1974	$0	$369.786	$369.786	Operativo	AL DÍA	259	07-12-2026	03-03-2026	24-03-2026	24	3	CERRADO	OPERATIVO	BAJA	Monitorear próximo vencimiento
MD-50	Retroexcavadora	Maquinaria Pesada	New Holland	B90B 4X4	2011		HORAS	250	0	00-01-1900	0	0,00		00-01-1900	Sin datos de mantención registrado	Sin datos de mantención registrado	$0	$0	$0	Operativo	AL DÍA							SIN SALIDA BODEGA	OPERATIVO	BAJA	Monitorear próximo vencimiento
MD-51	Rodillo de Neumaticos	Maquinaria Pesada	Dynapac	CP 271	1998	Villaseca	HORAS	250	0,2	13-03-2026	8627	0,00	8627,00	00-01-1900	Sin datos de mantención registrado	Sin datos de mantención registrado	$0	$31.973	$31.973	Operativo	POR RECIBIR			30-04-2026	02-03-2026	7	66	PENDIENTE	OPERATIVO	BAJA	Monitorear próximo vencimiento
MD-52	Rodillo Doble Tambor	Maquinaria Pesada	Dynapac	CC 422	1998		HORAS	250	0	00-01-1900	0	0,00		00-01-1900	Sin datos de mantención registrado	Sin datos de mantención registrado	$0	$0	$0	Operativo	AL DÍA							SIN SALIDA BODEGA	OPERATIVO	BAJA	Monitorear próximo vencimiento
MD-53	Rodillo Doble Tambor	Maquinaria Pesada	Dynapac	CC 422	2001		HORAS	250	31,5	20-03-2026	8282	0,00	8282,00	00-01-1900	Sin datos de mantención registrado	Sin datos de mantención registrado	$0	$536.723	$536.723	Operativo	EN PROCESO			06-04-2026		31		SIN SALIDA BODEGA	EN PROCESO	SEGUIMIENTO	Hacer seguimiento al taller y cerrar report
MD-55	Rodillo	Maquinaria Pesada	Bomag	BW211 D40	2015	Cobquecura	HORAS	250	10,8	24-04-2026	8293	0,00	7120,00	21-04-2026	7113,00	7113	$0	$549.049	$549.049	Operativo	AL DÍA	243	23-12-2026	20-04-2026	21-04-2026	1	0	CERRADO	OPERATIVO	BAJA	Monitorear próximo vencimiento
MD-56	Motoniveladora	Maquinaria Pesada	John Deere	772G	2011	Palmucho	HORAS	250	2,9	26-03-2026	15666	12478,00	15666,00	04-02-2026	15554,00	15554	$0	$669.327	$669.327	Operativo	AL DÍA	138	11-08-2026	02-03-2026	04-02-2026	0	0	CERRADO	OPERATIVO	BAJA	Monitorear próximo vencimiento
MD-57	Excavadora	Maquinaria Pesada	Doosan	Dx225lca	2013	Curicó	HORAS	250	3,2	26-03-2026	13660	0,00	6537,00	13-03-2026	13650,00	13650	$125.352	$124.073	$249.425	Operativo	AL DÍA	7363	23-05-2046	19-03-2026	13-03-2026	0	0	CERRADO	OPERATIVO	BAJA	Monitorear próximo vencimiento
MD-58	Rodillo de Neumaticos	Maquinaria Pesada	Dynapac	CP 271	1998		HORAS	250	0	00-01-1900	0	0,00		00-01-1900	Sin datos de mantención registrado	Sin datos de mantención registrado	$0	$0	$0	Operativo	AL DÍA							SIN SALIDA BODEGA	OPERATIVO	BAJA	Monitorear próximo vencimiento
MD-59	Cargador Frontal	Maquinaria Pesada	John Deere	724K	2011		HORAS	250	0	00-01-1900	0	0,00		00-01-1900	Sin datos de mantención registrado	Sin datos de mantención registrado	$0	$0	$0	Operativo	AL DÍA							SIN SALIDA BODEGA	OPERATIVO	BAJA	Monitorear próximo vencimiento
MD-61	Excavadora	Maquinaria Pesada	Doosan	Dx225lca	2015	Palmucho	HORAS	250	1,6	26-03-2026	16889	0,00	16889,00	00-01-1900	Sin datos de mantención registrado	Sin datos de mantención registrado	$0	$115.924	$115.924	Operativo	POR RECIBIR			03-03-2026	06-03-2026	65	62	PENDIENTE	OPERATIVO	BAJA	Monitorear próximo vencimiento
MD-62	Excavadora con Ruedas	Maquinaria Pesada	Daewoo	S210W v	2006	Curicó	HORAS	250	47,2	01-04-2026	48716	0,00	48,00	13-03-2026	17152,00	17152	$277.000	$0	$277.000	Operativo	AL DÍA	17354	05-10-2073		26-02-2026		15	CERRADO	OPERATIVO	BAJA	Monitorear próximo vencimiento
MD-64	Retroexcavadora	Maquinaria Pesada	Case	580 M	2009		HORAS	250	0	00-01-1900	0	0,00		00-01-1900	11688,00	Sin datos de mantención registrado	$0	$0	$0	Operativo	AL DÍA							SIN SALIDA BODEGA	OPERATIVO	BAJA	Monitorear próximo vencimiento
MD-65	Cargador Frontal	Maquinaria Pesada	Jcb	467 Zx	2015		HORAS	250	1,6	03-03-2026	5671	0,00	5671,00	00-01-1900	Sin datos de mantención registrado	Sin datos de mantención registrado	$0	$0	$0	Operativo	AL DÍA							SIN SALIDA BODEGA	OPERATIVO	BAJA	Monitorear próximo vencimiento
MD-67	Rodillo	Maquinaria Pesada	Bomag	BW211 D40	2008	Palmucho	HORAS	250	1,7	26-03-2026	3774	3631,00	3774,00	11-03-2026	3745,00	3745	$177.476	$0	$177.476	Operativo	POR RECIBIR	221	02-11-2026		16-03-2026		0	PENDIENTE	OPERATIVO	BAJA	Monitorear próximo vencimiento
MD-68	Rodillo	Maquinaria Pesada	Bomag	Bw212 D40	2012	San Carlos	HORAS	250	8,9	17-04-2026	3578	0,00	3578,00	04-02-2026	3472,00	3472	$177.476	$0	$177.476	Operativo	POR RECIBIR	144	08-09-2026		12-02-2026		0	PENDIENTE	OPERATIVO	BAJA	Monitorear próximo vencimiento
MD-70	Excavadora con Ruedas	Maquinaria Pesada	Doosan	S210W v	2014	Pelluhue	HORAS	250	1,2	13-03-2026	13040	0,00	13040,00	13-03-2026	13040,00	13040	$89.100	$89.100	$178.200	Operativo	AL DÍA	250	18-11-2026	13-03-2026	13-03-2026	0	0	CERRADO	OPERATIVO	BAJA	Monitorear próximo vencimiento
MD-71	Retroexcavadora	Maquinaria Pesada	Case	580M	2002		HORAS	250	0	05-01-2026	5937	0,00	5937,00	25-03-2026	6071,00	6071	$0	$0	$0	Taller	EN TALLER	384	24-01-2027		25-03-2026		0	CERRADO	EN TALLER	BAJA	Monitorear próximo vencimiento
MD-72	Retroexcavadora	Maquinaria Pesada	Case	580M	2004		HORAS	250	1,4	20-01-2026	7950	0,00	7950,00	29-04-2026	7968,00	7968	$0	$0	$0	Taller	EN TALLER	268	15-10-2026		30-03-2026		30	CERRADO	EN TALLER	BAJA	Monitorear próximo vencimiento
MD-73	Motoniveladora	Maquinaria Pesada	Volvo	G930	2007	Curicó	HORAS	250	2,8	02-04-2026	17345	0,00	17345,00	17-03-2026	17296	17296	$289.773	$289.773	$579.547	Operativo	AL DÍA	201	20-10-2026	04-03-2026	17-03-2026	13	0	CERRADO	OPERATIVO	BAJA	Monitorear próximo vencimiento
MD-74	Excavadora	Maquinaria Pesada	Komatsu	PC300LC	2012		HORAS	250	0	05-12-2025	9276	227056,00	9276,00	00-01-1900	Sin datos de mantención registrado	Sin datos de mantención registrado	$0	$0	$0	Operativo	AL DÍA							SIN SALIDA BODEGA	OPERATIVO	BAJA	Monitorear próximo vencimiento
MD-75	Retroexcavadora	Maquinaria Pesada	Caterpillar	416 E	2015	Curicó	HORAS	250	6,6	27-04-2026	7678	0,00	169,00	12-03-2026	1713,00	1713	$133.882	$357.653	$491.535	Operativo	AL DÍA	1794	26-03-2031	25-02-2026	09-03-2026	15	3	CERRADO	OPERATIVO	BAJA	Monitorear próximo vencimiento
MD-76	Retroexcavadora	Maquinaria Pesada	Jcb	3CX 4X4	2015	Palmucho	HORAS	250	2,4	26-03-2026	8660	8622,00	8660,00	24-04-2026	8705,00	8705	$0	$754.679	$754.679	Operativo	AL DÍA	295	15-01-2027	05-03-2026	09-03-2026	50	46	CERRADO	OPERATIVO	BAJA	Monitorear próximo vencimiento
MD-77	Motoniveladora	Maquinaria Pesada	John Deere	770G	2012		HORAS	250	0	00-01-1900	0	0,00		00-01-1900	Sin datos de mantención registrado	Sin datos de mantención registrado	$0	$0	$0	Fuera de Servicio	FUERA DE SERVICIO							SIN SALIDA BODEGA	FUERA DE SERVICIO	NO APLICA	No programar compra
MD-78	Extendedora	Maquinaria Pesada	Abg	Titan 323	1998		HORAS	250	0	00-01-1900	0	0,00		00-01-1900	4240,00	Sin datos de mantención registrado	$0	$0	$0	Fuera de Servicio	FUERA DE SERVICIO							SIN SALIDA BODEGA	FUERA DE SERVICIO	NO APLICA	No programar compra
MD-79	Motoniveladora	Maquinaria Pesada	John Deere	670G	2011	Cobquecura	HORAS	250	3	30-03-2026	12802	0,00	12802,00	23-03-2026	12775,00	12775	$0	$337.400	$337.400	Operativo	AL DÍA	223	08-11-2026	26-02-2026	19-03-2026	25	4	CERRADO	OPERATIVO	BAJA	Monitorear próximo vencimiento
MD-80	Retroexcavadora	Maquinaria Pesada	Jcb	3CX 4X4	2019	Palmucho	HORAS	250	2,5	26-03-2026	4470	0,00	4470,00	25-03-2026	4116,00	4116	$0	$0	$0	Operativo	ATRASADA	-104	12-12-2025	01-04-2026	20-03-2026	0	5	CERRADO	OPERATIVO	BAJA	Monitorear próximo vencimiento
MD-81	Pavimentadora de encofrado deslizante	Maquinaria Pesada	Gomaco	GT-3600	2001		HORAS	250	0	00-01-1900	0	0,00		00-01-1900	Sin datos de mantención registrado	Sin datos de mantención registrado	$0	$0	$0	Fuera de Servicio	FUERA DE SERVICIO							SIN SALIDA BODEGA	FUERA DE SERVICIO	NO APLICA	No programar compra
MD-82	Excavadora	Maquinaria Pesada	Doosan	Dx340lca	2019	Palmucho	HORAS	250	2,6	25-03-2026	10358	0,00	10358,00	21-04-2026	10453,00	10453	$0	$321.248	$321.248	Operativo	AL DÍA	345	05-03-2027	05-03-2026	16-03-2026	47	36	CERRADO	OPERATIVO	BAJA	Monitorear próximo vencimiento
MD-83	Excavadora	Maquinaria Pesada	Doosan	Dx300lca	2020	San Nicolas	HORAS	250	4,6	23-04-2026	8457	0,00	8457,00	26-03-2026	8346,00	8346	$0	$462.929	$462.929	Operativo	AL DÍA	139	09-09-2026	18-03-2026	23-03-2026	8	3	CERRADO	OPERATIVO	BAJA	Monitorear próximo vencimiento
MD-84	Excavadora	Maquinaria Pesada	Hitachi	Zx210C	2019	Quirihue	HORAS	250	3,3	17-03-2026	5765	0,00	5765,00	13-04-2026	5770,00	5770	$0	$456.582	$456.582	Operativo	AL DÍA	255	27-11-2026	19-02-2026	24-02-2026	53	48	CERRADO	OPERATIVO	BAJA	Monitorear próximo vencimiento
MD-85	Motoniveladora	Maquinaria Pesada	Caterpillar	160H	2009	San Carlos	HORAS	250	1,4	17-04-2026	589	0,00	589,00	28-04-2026	596,00	596	$0	$306.326	$306.326	Operativo	EN PROCESO	257	30-12-2026	05-03-2026		54		SIN SALIDA BODEGA	EN PROCESO	SEGUIMIENTO	Hacer seguimiento al taller y cerrar report
MD-87	Excavadora	Maquinaria Pesada	Hitachi	210 Lc 	2019		HORAS	250	0	27-03-2026	6777	0,00	6777,00	19-03-2026	6683,00	6683	$0	$450.580	$450.580	Operativo	POR RECIBIR	156	30-08-2026	04-03-2026	20-03-2026	15	0	PENDIENTE	OPERATIVO	BAJA	Monitorear próximo vencimiento
MD-88	Excavadora	Maquinaria Pesada	Hitachi	210 LC	2019	Curicó	HORAS	250	1,7	01-04-2026	6553	0,00	6553,00	24-11-2025	6327,00	6327	$0	$0	$0	Operativo	PRÓXIMA	24	25-04-2026					SIN SALIDA BODEGA	OPERATIVO	BAJA	Monitorear próximo vencimiento
MD-89	Motoniveladora	Maquinaria Pesada	Volvo	G940	2012	Quirihue	HORAS	250	3,8	17-03-2026	10101	0,00	10101,00	21-04-2026	10222,00	10222	$0	$237.325	$237.325	Operativo	AL DÍA	371	23-03-2027	03-03-2026	12-03-2026	49	40	CERRADO	OPERATIVO	BAJA	Monitorear próximo vencimiento
MD-90	Excavadora	Maquinaria Pesada	Caterpillar	330D	2007		HORAS	250	0	00-01-1900	0	0,00		00-01-1900	Sin datos de mantención registrado	Sin datos de mantención registrado	$0	$0	$0	Operativo	AL DÍA							SIN SALIDA BODEGA	OPERATIVO	BAJA	Monitorear próximo vencimiento
MD-91	Motoniveladora	Maquinaria Pesada	John Deere	772G	2013		HORAS	250	0	00-01-1900	0	0,00		00-01-1900	Sin datos de mantención registrado	Sin datos de mantención registrado	$0	$0	$0	Taller	EN TALLER							SIN SALIDA BODEGA	EN TALLER	BAJA	Monitorear próximo vencimiento
MD-92	Cargador Frontal	Maquinaria Pesada	John Deere	554K	2013		HORAS	250	0	03-12-2025	1733	0,00	1733,00	00-01-1900	Sin datos de mantención registrado	Sin datos de mantención registrado	$0	$0	$0	Fuera de Servicio	FUERA DE SERVICIO							SIN SALIDA BODEGA	FUERA DE SERVICIO	NO APLICA	No programar compra
MD-93	Retroexcavadora	Maquinaria Pesada	Sany	BHL75A	2023	Palmucho	HORAS	250	2,8	26-03-2026	2054	0,00	2054,00	05-05-2026	2163,00	2163	$0	$0	$0	Operativo	EN PROCESO	359	20-03-2027	25-03-2026		41		SIN SALIDA BODEGA	EN PROCESO	SEGUIMIENTO	Hacer seguimiento al taller y cerrar report
MD-94	Retroexcavadora	Maquinaria Pesada	Hyundai	H940C	2023	Cobquecura	HORAS	250	2,9	30-03-2026	2396	0,00	2396,00	19-03-2026	2360,00	2360	$0	$0	$0	Operativo	AL DÍA	214	30-10-2026		02-03-2026		17	CERRADO	OPERATIVO	BAJA	Monitorear próximo vencimiento
MD-95	Retroexcavadora	Maquinaria Pesada	Hyundai	H940C	2023	Quirihue	HORAS	250	3,9	20-03-2026	1872	0,00	1872,00	12-03-2026	1713,00	1713	$133.882	$283.744	$417.626	Operativo	AL DÍA	91	19-06-2026	05-03-2026	27-02-2026	7	13	CERRADO	OPERATIVO	BAJA	Monitorear próximo vencimiento
MD-96	Retroexcavadora	Maquinaria Pesada	Sany	BHL75A	2023	San Carlos	HORAS	250	2,9	17-04-2026	1880	91313,00	1861,00	04-05-2026	1905,00	1905	$0	$517.053	$517.053	Operativo	AL DÍA	294	05-02-2027	23-02-2026	02-03-2026	70	63	CERRADO	OPERATIVO	BAJA	Monitorear próximo vencimiento
MD-97	Rodillo Neumaticos	Maquinaria Pesada	Hamm	GRW15	2011		HORAS	250	1,2	23-03-2026	1950	0,00	1950,00	00-01-1900	Sin datos de mantención registrado	Sin datos de mantención registrado	$0	$0	$0	Operativo	EN PROCESO			25-03-2026		43		SIN SALIDA BODEGA	EN PROCESO	SEGUIMIENTO	Hacer seguimiento al taller y cerrar report
MD-98	Rodillo Neumaticos	Maquinaria Pesada	Hamm	GRW15	2011	San Carlos	HORAS	250	6,8	26-02-2026	2405	0,00	2405,00	00-01-1900	Sin datos de mantención registrado	Sin datos de mantención registrado	$0	$0	$0	Operativo	POR RECIBIR				02-03-2026		66	PENDIENTE	OPERATIVO	BAJA	Monitorear próximo vencimiento
MD-99	Excavadora	Maquinaria Pesada	Sany	SY215CLC	2024	Palmucho	HORAS	250	5,8	26-03-2026	2441	0,00	2285,00	25-03-2026	2277,00	2277	$0	$0	$0	Operativo	AL DÍA	242	23-11-2026					SIN SALIDA BODEGA	OPERATIVO	BAJA	Monitorear próximo vencimiento
VD-100	Camioneta	Vehículos Livianos	Maxus	T60 DCAB 4X2 2.0	2023	Quirihue	KM	15000	72,6	27-04-2026	0	99450,00	99450,00	05-05-2026	99593,00	99593	$0	$0	$0	Operativo	AL DÍA	15143	12-10-2067					SIN SALIDA BODEGA	OPERATIVO	BAJA	Monitorear próximo vencimiento
VD-101	Camioneta	Vehículos Livianos	Maxus	T60 DCAB 4X2 2.0	2023		KM	15000	469	20-02-2026	0	104779,00	104779,00	00-01-1900	Sin datos de mantención registrado	Sin datos de mantención registrado	$0	$0	$0	Operativo	AL DÍA							SIN SALIDA BODEGA	OPERATIVO	BAJA	Monitorear próximo vencimiento
VD-102	Camioneta	Vehículos Livianos	Mahindra	4x2 6MT	2024		KM	15000	209,8	24-03-2026	0	108622,00	108622,00	06-03-2026	105962,00	105962	$0	$0	$0	Operativo	AL DÍA	12340	05-01-2060		06-03-2026		0	CERRADO	OPERATIVO	BAJA	Monitorear próximo vencimiento
VD-103	Camioneta	Vehículos Livianos	Mahindra	4x2 6MT	2024	Palmucho	KM	15000	79,4	21-04-2026	0	77882,00	77882,00	00-01-1900	Sin datos de mantención registrado	Sin datos de mantención registrado	$0	$0	$0	Operativo	POR RECIBIR				06-04-2026		31	PENDIENTE	OPERATIVO	BAJA	Monitorear próximo vencimiento
VD-105	Camioneta	Vehículos Livianos	Citroen	Berlingo C Electric	2019		KM	15000	4947,8	02-02-2026	10283	246005,00	77781,00	00-01-1900	Sin datos de mantención registrado	Sin datos de mantención registrado	$0	$0	$0	Fuera de Servicio	FUERA DE SERVICIO							SIN SALIDA BODEGA	FUERA DE SERVICIO	NO APLICA	No programar compra
VD-106	Camioneta	Vehículos Livianos	Wolkswagen	9150 EOD	2011		KM	15000	0	03-12-2025	0	66902,00	66902,00	00-01-1900	Sin datos de mantención registrado	Sin datos de mantención registrado	$0	$0	$0	Fuera de Servicio	FUERA DE SERVICIO							SIN SALIDA BODEGA	FUERA DE SERVICIO	NO APLICA	No programar compra
VD-107	Camioneta	Vehículos Livianos	Ssangyong	Musso Grand 4x2	2024		KM	15000	107,2	21-04-2026	0	82711,00	82711,00	05-03-2026	75400,00	75400	$425.505	$0	$425.505	Operativo	AL DÍA	7689	10-05-2047					SIN SALIDA BODEGA	OPERATIVO	BAJA	Monitorear próximo vencimiento
VD-108	Camioneta	Vehículos Livianos	Ssangyong	Musso Grand 4x2	2024	Palmucho	KM	15000	178,5	02-04-2026	0	88308,00	88308,00	06-04-2026	Sin datos de mantención registrado	Sin datos de mantención registrado	$0	$387.603	$387.603	Operativo	EN PROCESO			23-02-2026		42		SIN SALIDA BODEGA	EN PROCESO	SEGUIMIENTO	Hacer seguimiento al taller y cerrar report
VD-109	Camioneta	Vehículos Livianos	Ssangyong	Musso Grand 4x2	2024		KM	15000	155,2	21-04-2026	0	110641,00	110641,00	13-03-2026	107210,00	107210	$405.817	$0	$405.817	Operativo	AL DÍA	11569	23-12-2057					SIN SALIDA BODEGA	OPERATIVO	BAJA	Monitorear próximo vencimiento
VD-110	Camioneta	Vehículos Livianos	Mahindra	Pik up CRDE 4X2 2.2	2024	Quirihue	KM	15000	433,8	21-04-2026	0	98245,00	98245,00	18-03-2026	90000,00	90000	$0	$0	$0	Operativo	AL DÍA	6755	18-10-2044					SIN SALIDA BODEGA	OPERATIVO	BAJA	Monitorear próximo vencimiento
VD-111	Camioneta	Vehículos Livianos	Mahindra	Pik up CRDE 4X2 2.2	2024		KM	15000	205,9	26-02-2026	0	56286,00	38582,00	28-01-2026	54500,00	54500	$0	$0	$0	Operativo	AL DÍA	30918	22-10-2110					SIN SALIDA BODEGA	OPERATIVO	BAJA	Monitorear próximo vencimiento
VD-112	Camioneta	Vehículos Livianos	Mahindra	Pik up CRDE 4X2 2.2	2024		KM	15000	230,8	19-02-2026	0	107331,00	107331,00	14-04-2026	117843,00	117843	$0	$0	$0	Operativo	AL DÍA	25512	26-12-2095		14-04-2026		0	CERRADO	OPERATIVO	BAJA	Monitorear próximo vencimiento
VD-113	Camioneta	Vehículos Livianos	Mahindra	Pik up CRDE DC 2.2	2024		KM	15000	139,8	24-04-2026	0	122790,00	122790,00	00-01-1900	Sin datos de mantención registrado	Sin datos de mantención registrado	$0	$0	$0	Operativo	POR RECIBIR				04-03-2026		64	PENDIENTE	OPERATIVO	BAJA	Monitorear próximo vencimiento
VD-114	Camioneta	Vehículos Livianos	Mahindra	Pik up CRDE DC 2.2	2024		KM	15000	156,5	24-03-2026	0	67095,00	67095,00	01-04-2026	68137,00	68137	$0	$0	$0	Operativo	AL DÍA	16042	23-02-2070		06-03-2026		26	CERRADO	OPERATIVO	BAJA	Monitorear próximo vencimiento
VD-115	Furgon	Vehículos Livianos	Peugeot	Partner 1.5D L1	2025	Taller	KM	10000	391,4	21-04-2026	0	105494,00	105494,00	09-04-2026	104090,00	104090	$0	$24.400	$24.400	Operativo	AL DÍA	8596	02-11-2049	06-04-2026	07-04-2026	3	2	CERRADO	OPERATIVO	BAJA	Monitorear próximo vencimiento
VD-116	Furgon	Vehículos Livianos	Peugeot	Partner 1.5D L1	2025		KM	10000	183,2	26-03-2026	0	67530,00	67530,00	27-04-2026	76996,00	73245	$0	$24.400	$24.400	Operativo	EN PROCESO	15715	04-04-2069	06-04-2026		21		SIN SALIDA BODEGA	EN PROCESO	SEGUIMIENTO	Hacer seguimiento al taller y cerrar report
VD-117	Furgon	Vehículos Livianos	Peugeot	Partner 1.5D L1	2025	San Carlos	KM	10000	122,5	21-04-2026	0	54674,00	54674,00	00-01-1900	Sin datos de mantención registrado	Sin datos de mantención registrado	$0	$24.400	$24.400	Operativo	POR RECIBIR			06-04-2026	06-04-2026	31	31	PENDIENTE	OPERATIVO	BAJA	Monitorear próximo vencimiento
VD-118	Furgon	Vehículos Livianos	Peugeot	Partner 1.5D L1	2025	Pelluhue	KM	10000	102,6	08-04-2026	0	47499,00	47499,00	24-03-2026	46246,00	46246	$0	$24.400	$24.400	Operativo	AL DÍA	8747	20-03-2050	06-04-2026	25-02-2026	0	27	CERRADO	OPERATIVO	BAJA	Monitorear próximo vencimiento
VD-119	Furgon	Vehículos Livianos	Peugeot	Partner 1.5D L1	2025	Oficina Central	KM	10000	144,6	27-04-2026	0	60235,00	60235,00	12-01-2026	Sin datos de mantención registrado	Sin datos de mantención registrado	$0	$24.400	$24.400	Operativo	POR RECIBIR			06-04-2026	18-03-2026	0	0	PENDIENTE	OPERATIVO	BAJA	Monitorear próximo vencimiento
VD-120	Furgon	Vehículos Livianos	Peugeot	Partner 1.5D L1	2025	Quirihue	KM	10000	145,2	24-04-2026	0	70545,00	70545,00	20-04-2026	69677,00	69677	$0	$24.400	$24.400	Operativo	AL DÍA	9132	25-04-2051	06-04-2026	19-02-2026	14	60	CERRADO	OPERATIVO	BAJA	Monitorear próximo vencimiento
VD-121	Furgon	Vehículos Livianos	Peugeot	Partner 1.5D L1	2025		KM	10000	871,5	21-04-2026	14477	175279,00	80272,00	06-03-2026	71838,00	71838	$0	$24.400	$24.400	Operativo	AL DÍA	1566	04-08-2030	06-04-2026	06-03-2026	0	0	CERRADO	OPERATIVO	BAJA	Monitorear próximo vencimiento
VD-122	Furgon	Vehículos Livianos	Peugeot	Partner 1.5D L1	2025	Quirihue	KM	10000	98,9	24-04-2026	0	46461,00	46461,00	19-02-2026	39996,00	39996	$0	$24.400	$24.400	Operativo	AL DÍA	3535	28-12-2035	06-04-2026	19-02-2026	0	0	CERRADO	OPERATIVO	BAJA	Monitorear próximo vencimiento
VD-123	Furgon	Vehículos Livianos	Peugeot	Partner 1.5D L1	2025	Curicó	KM	10000	5424,9	21-04-2026	0	812781,00	84545,00	18-03-2026	78795,00	78795	$32.014	$24.400	$56.414	Operativo	AL DÍA	4250	09-12-2037	06-04-2026	18-03-2026	0	0	CERRADO	OPERATIVO	BAJA	Monitorear próximo vencimiento
VD-124	Furgon	Vehículos Livianos	Peugeot	Partner 1.5D L1	2025	Cobquecura	KM	10000	139,9	27-03-2026	0	55477,00	55477,00	00-01-1900	Sin datos de mantención registrado	Sin datos de mantención registrado	$0	$24.400	$24.400	Operativo	POR RECIBIR			06-04-2026	27-02-2026	31	69	PENDIENTE	OPERATIVO	BAJA	Monitorear próximo vencimiento
VD-125	Camioneta	Vehículos Livianos	Maxus	T60 2.0 AT	2025	Pelluhue	KM	15000	488,5	08-04-2026	0	95301,00	67281,00	20-02-2026	58306	58306	$0	$426.594	$426.594	Operativo	EN PROCESO	6025	06-10-2042	20-02-2026		0		SIN SALIDA BODEGA	EN PROCESO	SEGUIMIENTO	Hacer seguimiento al taller y cerrar report
VD-126	Camioneta	Vehículos Livianos	Maxus	T60 2.0 AT	2025	San Carlos	KM	15000	389,1	21-04-2026	0	69314,00	69314,00	14-10-2015	39117,00	39117	$405.603	$0	$405.603	Operativo	ATRASADA	-15197	11-09-1984					SIN SALIDA BODEGA	OPERATIVO	BAJA	Monitorear próximo vencimiento
VD-127	Camioneta	Vehículos Livianos	Maxus	T60 2.0 AT	2025	San Carlos	KM	15000	142,8	24-04-2026	0	74968,00	74968,00	09-04-2026	72423,00	72423	$607.478	$0	$607.478	Operativo	AL DÍA	12455	30-05-2060					SIN SALIDA BODEGA	OPERATIVO	BAJA	Monitorear próximo vencimiento
VD-128	Camioneta	Vehículos Livianos	Maxus	T60 2.0 AT	2025	Colbun	KM	15000	145,8	24-03-2026	0	86820,00	86820,00	24-03-2026	86820,00	86820	$698.466	$831.175	$1.529.641	Operativo	EN PROCESO	15000	18-04-2067	24-03-2026		0		SIN SALIDA BODEGA	EN PROCESO	SEGUIMIENTO	Hacer seguimiento al taller y cerrar report
VD-129	Camioneta	Vehículos Livianos	Maxus	T60 2.0 AT	2025	Villaseca	KM	15000	129,6	27-04-2026	0	81234,00	81234,00	29-12-2025	65636,00	65636	$573.317	$0	$573.317	Operativo	ATRASADA	-598	06-09-2024					SIN SALIDA BODEGA	OPERATIVO	BAJA	Monitorear próximo vencimiento
VD-130	Camioneta	Vehículos Livianos	Maxus	T60 2.0 AT	2025	Curicó	KM	15000	5507,1	21-04-2026	0	820891,00	87236,00	18-03-2026	78670,00	78670	$487.719	$580.386	$1.068.105	Operativo	EN PROCESO	6434	02-12-2043	19-03-2026		0		SIN SALIDA BODEGA	EN PROCESO	SEGUIMIENTO	Hacer seguimiento al taller y cerrar report
VD-131	Camioneta	Vehículos Livianos	Maxus	T60 2.0 AT	2025		KM	15000	154,5	21-04-2026	0	99814,00	99814,00	23-04-2026	100657,00	100657	$725.040	$0	$725.040	Operativo	AL DÍA	15843	05-09-2069		23-04-2026		0	CERRADO	OPERATIVO	BAJA	Monitorear próximo vencimiento
VD-132	Camioneta	Vehículos Livianos	Maxus	T60 2.0 AT	2025	San Carlos	KM	15000	143,4	21-04-2026	0	52162,00	48159,00	00-01-1900	Sin datos de mantención registrado	Sin datos de mantención registrado	$0	$0	$0	Operativo	AL DÍA							SIN SALIDA BODEGA	OPERATIVO	BAJA	Monitorear próximo vencimiento
VD-133	Camioneta	Vehículos Livianos	Maxus	T60 2.0 AT	2025		KM	15000	104,1	10-02-2026	0	60050,00	60050,00	25-11-2025	52833,00	52833	$546.131	$0	$546.131	Operativo	AL DÍA	7783	03-06-2047					SIN SALIDA BODEGA	OPERATIVO	BAJA	Monitorear próximo vencimiento
VD-134	Camioneta	Vehículos Livianos	Maxus	T60 2.0 AT	2025	Palmucho	KM	15000	213,6	23-03-2026	0	93371,00	93371,00	04-05-2026	100000,00	100000	$0	$0	$0	Operativo	AL DÍA	21629	10-06-2085					SIN SALIDA BODEGA	OPERATIVO	BAJA	Monitorear próximo vencimiento
VD-135	Camioneta	Vehículos Livianos	Changan	HUNTER 1.9 MT 4X4 COMFORT	2023		KM	15000	70,4	04-03-2026	0	34811,00	34811,00	01-02-2026	30000,00	30000	$0	$0	$0	Operativo	AL DÍA	10189	25-01-2054					SIN SALIDA BODEGA	OPERATIVO	BAJA	Monitorear próximo vencimiento
VD-136	Camioneta	Vehículos Livianos	Maxus	T60 DCAB 4X2 2.0	2026		KM	15000	143,6	21-04-2026	0	22731,00	22731,00	09-04-2026	21224,00	21224	$499.644	$0	$499.644	Operativo	AL DÍA	13493	31-03-2063					SIN SALIDA BODEGA	OPERATIVO	BAJA	Monitorear próximo vencimiento
VD-137	Camioneta	Vehículos Livianos	Maxus	T60 DCAB 4X2 2.0	2026		KM	15000	2,7	20-03-2026	0	23789,00	23789,00	28-01-2026	12362,00	12362	$263.017	$0	$263.017	Operativo	AL DÍA	3573	31-12-2035					SIN SALIDA BODEGA	OPERATIVO	BAJA	Monitorear próximo vencimiento
VD-138	Camioneta	Vehículos Livianos	Maxus	T60 DCAB 4X2 2.0	2026	Palmucho	KM	15000	145,2	26-03-2026	0	18053,00	18053,00	05-03-2026	14872,00	14872	$252.383	$300.336	$552.719	Operativo	EN PROCESO	11819	04-08-2058	05-03-2026		0		SIN SALIDA BODEGA	EN PROCESO	SEGUIMIENTO	Hacer seguimiento al taller y cerrar report
VD-139	Camioneta	Vehículos Livianos	Maxus	T60 DCAB 4X2 2.0	2026		KM	15000	141,1	21-04-2026	0	24785,00	24785,00	09-01-2026	11406,00	11406	$254.792	$0	$254.792	Operativo	EN PROCESO	1621	28-09-2030	30-03-2026		0		SIN SALIDA BODEGA	EN PROCESO	SEGUIMIENTO	Hacer seguimiento al taller y cerrar report
VD-140	Camioneta	Vehículos Livianos	Maxus	T60 DCAB 4X2 2.0	2026	San Carlos	KM	15000	204,7	21-04-2026	0	28123,00	28123,00	18-03-2026	22254,00	22254	$310.988	$440.390	$751.378	Operativo	EN PROCESO	9131	21-04-2051	19-03-2026		0		SIN SALIDA BODEGA	EN PROCESO	SEGUIMIENTO	Hacer seguimiento al taller y cerrar report
VD-141	Camioneta	Vehículos Livianos	Maxus	T90 DCAB 4X2 2.0	2026		KM	15000	0	00-01-1900	0	0,00		00-01-1900	Sin datos de mantención registrado	Sin datos de mantención registrado	$0	$0	$0	Operativo	AL DÍA							SIN SALIDA BODEGA	OPERATIVO	BAJA	Monitorear próximo vencimiento
VD-142	Camioneta	Vehículos Livianos	Maxus	T60 4x4	2022		KM	15000	0	00-01-1900	0	0,00		00-01-1900	Sin datos de mantención registrado	Sin datos de mantención registrado	$0	$0	$0	Operativo	AL DÍA							SIN SALIDA BODEGA	OPERATIVO	BAJA	Monitorear próximo vencimiento
VD-29	Minibus	Vehículos Livianos	Mercedes Benz	SPRINTER 313 CDI	2017		KM	15000	0	13-03-2023	0	510507,00	510507,00	25-02-2026	Sin datos de mantención registrado	Sin datos de mantención registrado	$0	$61.356	$61.356	Operativo	AL DÍA			20-02-2026	24-02-2026	5	1	CERRADO	OPERATIVO	BAJA	Monitorear próximo vencimiento
VD-38	Minibus	Vehículos Livianos	Mercedes Benz	SPRINTER 415 CDI	2017		KM	15000	478,4	21-04-2026	0	559749,00	1,00	25-03-2026	561359,00	561359	$0	$40.500	$40.500	Operativo	AL DÍA	576358	26-04-3604	05-03-2026	05-03-2026	20	20	CERRADO	OPERATIVO	BAJA	Monitorear próximo vencimiento
VD-45	Minibus	Vehículos Livianos	Mercedes Benz	SPRINTER 415 CDI 2.1	2020		KM	15000	0	15-03-2023	0	256600,00	256600,00	00-01-1900	Sin datos de mantención registrado	Sin datos de mantención registrado	$0	$0	$0	Operativo	AL DÍA							SIN SALIDA BODEGA	OPERATIVO	BAJA	Monitorear próximo vencimiento
VD-57	Camioneta	Vehículos Livianos	Maxus	T60 DCAB 2.8	2021		KM	15000	0	21-09-2023	0	113489,00	113489,00	00-01-1900	Sin datos de mantención registrado	Sin datos de mantención registrado	$0	$0	$0	Fuera de Servicio	FUERA DE SERVICIO							SIN SALIDA BODEGA	FUERA DE SERVICIO	NO APLICA	No programar compra
VD-58	Camioneta	Vehículos Livianos	Maxus	"	T60 DCAB 2.8"	2021		KM	15000	550	24-03-2026	0	172378,00	172378,00	05-05-2026	169260,00	169260	$0	$0	$0	Operativo	AL DÍA	11882	04-10-2058					SIN SALIDA BODEGA	OPERATIVO	BAJA	Monitorear próximo vencimiento
VD-59	Camioneta	Vehículos Livianos	Maxus	T60 DCAB 2.8	2021		KM	15000	0	00-01-1900	0	0,00		00-01-1900	Sin datos de mantención registrado	Sin datos de mantención registrado	$0	$0	$0	Fuera de Servicio	FUERA DE SERVICIO							SIN SALIDA BODEGA	FUERA DE SERVICIO	NO APLICA	No programar compra
VD-60	Camioneta	Vehículos Livianos	Maxus	T60 DCAB 2.8	2021	Palmucho	KM	15000	242,5	23-03-2026	0	479779,00	153871,00	29-04-2026	158018,00	158018	$0	$0	$0	Operativo	AL DÍA	19147	24-08-2078		20-02-2026		68	CERRADO	OPERATIVO	BAJA	Monitorear próximo vencimiento
VD-62	Camioneta	Vehículos Livianos	Maxus	"	T60 DCAB 2.8"	2021		KM	15000	0	00-01-1900	0	0,00		00-01-1900	Sin datos de mantención registrado	Sin datos de mantención registrado	$0	$0	$0	Fuera de Servicio	FUERA DE SERVICIO							SIN SALIDA BODEGA	FUERA DE SERVICIO	NO APLICA	No programar compra
VD-63	Camioneta	Vehículos Livianos	Maxus	T60 DCAB 2.8	2021		KM	15000	349,6	21-04-2026	0	227000,00	188442,00	00-01-1900	Sin datos de mantención registrado	Sin datos de mantención registrado	$0	$0	$0	Operativo	POR RECIBIR				06-04-2026		31	PENDIENTE	OPERATIVO	BAJA	Monitorear próximo vencimiento
VD-64	Camioneta	Vehículos Livianos	Maxus	T60 DCAB 2.8	2021		KM	15000	114,1	21-04-2026	240293	242494,00	242494,00	18-03-2026	241448,00	241448	$0	$0	$0	Fuera de Servicio	FUERA DE SERVICIO	13954						SIN SALIDA BODEGA	FUERA DE SERVICIO	NO APLICA	No programar compra
VD-65	Camioneta	Vehículos Livianos	Maxus	T60 DCAB 2.8	2021		KM	15000	0	00-01-1900	0	0,00		00-01-1900	Sin datos de mantención registrado	Sin datos de mantención registrado	$0	$0	$0	Fuera de Servicio	FUERA DE SERVICIO							SIN SALIDA BODEGA	FUERA DE SERVICIO	NO APLICA	No programar compra
VD-67	Camioneta	Vehículos Livianos	Maxus	T60 DCAB 2.8	2021	Quirihue	KM	15000	155,7	17-03-2026	0	227541,00	227541,00	00-01-1900	Sin datos de mantención registrado	Sin datos de mantención registrado	$0	$0	$0	Fuera de Servicio	FUERA DE SERVICIO							SIN SALIDA BODEGA	FUERA DE SERVICIO	NO APLICA	No programar compra
VD-68	Camioneta	Vehículos Livianos	Maxus	T60 DCAB 2.9	2021		KM	15000	0	00-01-1900	0	0,00		00-01-1900	Sin datos de mantención registrado	Sin datos de mantención registrado	$0	$0	$0	Fuera de Servicio	FUERA DE SERVICIO							SIN SALIDA BODEGA	FUERA DE SERVICIO	NO APLICA	No programar compra
VD-69	Camioneta	Vehículos Livianos	Maxus	T60 DCAB 2.9	2021		KM	15000	164,5	13-02-2026	0	147597,00	147597,00	00-01-1900	Sin datos de mantención registrado	Sin datos de mantención registrado	$0	$0	$0	Fuera de Servicio	FUERA DE SERVICIO							SIN SALIDA BODEGA	FUERA DE SERVICIO	NO APLICA	No programar compra
VD-70	Furgon	Vehículos Livianos	Mercedes Benz	Vito 11 CDI	2010		KM	15000	0	00-01-1900	0	0,00		00-01-1900	Sin datos de mantención registrado	Sin datos de mantención registrado	$0	$0	$0	Fuera de Servicio	FUERA DE SERVICIO							SIN SALIDA BODEGA	FUERA DE SERVICIO	NO APLICA	No programar compra
VD-71	Furgon	Vehículos Livianos	Mercedes Benz	Vito Tourer 114 CDI	2017		KM	15000	0	17-10-2022	0	118036,00	MALO	00-01-1900	Sin datos de mantención registrado	Sin datos de mantención registrado	$0	$0	$0	Fuera de Servicio	FUERA DE SERVICIO							SIN SALIDA BODEGA	FUERA DE SERVICIO	NO APLICA	No programar compra
VD-73	Furgon	Vehículos Livianos	Mercedes Benz	VITO 113 CDI	2013		KM	15000	0	00-01-1900	0	0,00		00-01-1900	Sin datos de mantención registrado	Sin datos de mantención registrado	$0	$0	$0	Fuera de Servicio	FUERA DE SERVICIO							SIN SALIDA BODEGA	FUERA DE SERVICIO	NO APLICA	No programar compra
VD-74	Camioneta	Vehículos Livianos	ZX Auto	TERRALORD DCAB 2.5	2023		KM	15000	0	00-01-1900	0	0,00		00-01-1900	Sin datos de mantención registrado	Sin datos de mantención registrado	$0	$0	$0	Fuera de Servicio	FUERA DE SERVICIO							SIN SALIDA BODEGA	FUERA DE SERVICIO	NO APLICA	No programar compra
VD-75	Camioneta	Vehículos Livianos	ZX Auto	TERRALORD DCAB 2.5	2023		KM	15000	263,7	23-01-2026	0	137077,00	137077,00	17-04-2026	170002,00	170002	$0	$0	$0	Fuera de Servicio	FUERA DE SERVICIO	47925						SIN SALIDA BODEGA	FUERA DE SERVICIO	NO APLICA	No programar compra
VD-76	Camioneta	Vehículos Livianos	ZX Auto	TERRALORD DCAB 2.5	2023		KM	15000	135,3	21-04-2026	0	170476,00	170476,00	14-01-2026	157018,00	157018	$0	$0	$0	Operativo	POR RECIBIR	1542	11-07-2030		17-04-2026		0	PENDIENTE	OPERATIVO	BAJA	Monitorear próximo vencimiento
VD-77	Camioneta	Vehículos Livianos	ZX Auto	TERRALORD DCAB 2.5	2023	Retiro	KM	15000	178,8	21-04-2026	0	148370,00	148370,00	18-12-2025	128838,00	128838	$0	$0	$0	Operativo	POR RECIBIR	-4532	23-11-2013		06-04-2026		0	PENDIENTE	OPERATIVO	BAJA	Monitorear próximo vencimiento
VD-78	Camioneta	Vehículos Livianos	ZX Auto	TERRALORD DCAB 2.5	2023	Curicó	KM	15000	187,2	21-04-2026	0	150214,00	150214,00	06-04-2026	148444,00	148444	$0	$0	$0	Operativo	AL DÍA	13230	11-07-2062					SIN SALIDA BODEGA	OPERATIVO	BAJA	Monitorear próximo vencimiento
VD-79	Camioneta	Vehículos Livianos	ZX Auto	TERRALORD DCAB 2.5	2023	Palmucho	KM	15000	342,6	26-03-2026	0	143354,00	143354,00	00-01-1900	Sin datos de mantención registrado	Sin datos de mantención registrado	$0	$0	$0	Operativo	POR RECIBIR				06-04-2026		31	PENDIENTE	OPERATIVO	BAJA	Monitorear próximo vencimiento
VD-80	Furgon	Vehículos Livianos	Peugeot	EXPERT HDI 2.0	2015		KM	10000	0	00-01-1900	0	0,00		00-01-1900	Sin datos de mantención registrado	Sin datos de mantención registrado	$0	$0	$0	Fuera de Servicio	FUERA DE SERVICIO							SIN SALIDA BODEGA	FUERA DE SERVICIO	NO APLICA	No programar compra
VD-81	Furgon	Vehículos Livianos	Citroen	BERLINGO B9 C HDI 1.6	2019		KM	15000	0	00-01-1900	0	0,00		00-01-1900	Sin datos de mantención registrado	Sin datos de mantención registrado	$0	$0	$0	Fuera de Servicio	FUERA DE SERVICIO							SIN SALIDA BODEGA	FUERA DE SERVICIO	NO APLICA	No programar compra
VD-82	Camioneta	Vehículos Livianos	Volkswagen 	SAVEIRO CABINA SIMPLE 1.6 MT POWER PLUS	2018		KM	15000	0	16-12-2025	0	153679,00	153679,00	00-01-1900	Sin datos de mantención registrado	Sin datos de mantención registrado	$0	$0	$0	Operativo	AL DÍA							SIN SALIDA BODEGA	OPERATIVO	BAJA	Monitorear próximo vencimiento
VD-83	Furgon	Vehículos Livianos	Renault	DOKKER III 1.5	2018		KM	15000	0	00-01-1900	0	0,00		00-01-1900	Sin datos de mantención registrado	Sin datos de mantención registrado	$0	$0	$0	Fuera de Servicio	FUERA DE SERVICIO							SIN SALIDA BODEGA	FUERA DE SERVICIO	NO APLICA	No programar compra
VD-84	Furgon	Vehículos Livianos	Renault	KANGOO 1.5	2017	Oficina Central	KM	15000	139,3	02-04-2026	0	306341,00	306341,00	12-01-2026	118530,00	118530	$0	$71.950	$71.950	Operativo	POR RECIBIR	-172811	###############################################################################################################################################################################################################################################################	12-03-2026	06-04-2026	0	0	PENDIENTE	OPERATIVO	BAJA	Monitorear próximo vencimiento
VD-85	Furgon	Vehículos Livianos	Renault	KANGOO 1.5	2017	Quirihue	KM	15000	128	21-04-2026	0	266420,00	266420,00	12-04-2026	306311,00	306311	$0	$38.550	$38.550	Operativo	AL DÍA	54891	03-08-2176	17-03-2026	07-04-2026	26	5	CERRADO	OPERATIVO	BAJA	Monitorear próximo vencimiento
VD-86	Furgon	Vehículos Livianos	Renault	KANGOO 1.5	2017		KM	15000	1168,4	23-03-2026	0	263620,00	263620,00	00-01-1900	Sin datos de mantención registrado	Sin datos de mantención registrado	$0	$0	$0	Fuera de Servicio	FUERA DE SERVICIO							SIN SALIDA BODEGA	FUERA DE SERVICIO	NO APLICA	No programar compra
VD-87	Camioneta	Vehículos Livianos	Maxus	T60 DCAB 2.8	2023	Curicó	KM	15000	152,2	21-04-2026	0	155441,00	155441,00	00-01-1900	Sin datos de mantención registrado	Sin datos de mantención registrado	$0	$0	$0	Operativo	POR RECIBIR				07-04-2026		30	PENDIENTE	OPERATIVO	BAJA	Monitorear próximo vencimiento
VD-88	Camioneta	Vehículos Livianos	Maxus	T60 DCAB 2.8	2023		KM	15000	171,2	23-03-2026	0	125496,00	125496,00	12-03-2026	123772,00	123772	$0	$24.500	$24.500	Operativo	AL DÍA	13276	28-07-2062	15-04-2026	02-03-2026	0	10	CERRADO	OPERATIVO	BAJA	Monitorear próximo vencimiento
VD-89	Camioneta	Vehículos Livianos	Maxus	T60 DCAB 2.8	2023		KM	15000	102,8	16-02-2026	0	108975,00	105621,00	00-01-1900	Sin datos de mantención registrado	Sin datos de mantención registrado	$0	$336.530	$336.530	Operativo	EN PROCESO			02-03-2026		66		SIN SALIDA BODEGA	EN PROCESO	SEGUIMIENTO	Hacer seguimiento al taller y cerrar report
VD-90	Camioneta	Vehículos Livianos	Maxus	T60 DCAB 2.8	2023		KM	15000	151	24-04-2026	0	134800,00	134800,00	13-04-2026	133477,00	133477	$0	$24.500	$24.500	Operativo	AL DÍA	13677	04-10-2063	15-04-2026	13-04-2026	0	0	CERRADO	OPERATIVO	BAJA	Monitorear próximo vencimiento
VD-91	Camioneta	Vehículos Livianos	Maxus	T60 DCAB 2.8	2023	Curicó	KM	15000	263,1	21-04-2026	0	114573,00	114573,00	13-01-2026	105667,00	105667	$0	$24.500	$24.500	Operativo	EN PROCESO	6094	27-12-2042	15-04-2026		0		SIN SALIDA BODEGA	EN PROCESO	SEGUIMIENTO	Hacer seguimiento al taller y cerrar report
VD-92	Camioneta	Vehículos Livianos	Maxus	T60 DCAB 2.8	2023	Cobquecura	KM	15000	7946,7	30-03-2026	0	953095,00	95862,00	14-04-2026	98151,00	98151	$0	$24.500	$24.500	Operativo	AL DÍA	17289	30-07-2073	15-04-2026	14-04-2026	0	0	CERRADO	OPERATIVO	BAJA	Monitorear próximo vencimiento
VD-93	Camioneta	Vehículos Livianos	Maxus	T60 DCAB 2.8	2023		KM	15000	148,6	26-03-2026	0	110977,00	110977,00	00-01-1900	Sin datos de mantención registrado	Sin datos de mantención registrado	$0	$24.500	$24.500	Operativo	EN PROCESO			15-04-2026		22		SIN SALIDA BODEGA	EN PROCESO	SEGUIMIENTO	Hacer seguimiento al taller y cerrar report
VD-94	Camioneta	Vehículos Livianos	Maxus	T60 DCAB 2.8	2023	Palmucho	KM	15000	114,8	23-03-2026	0	93964,00	93964,00	20-03-2026	92994,00	92994	$0	$24.500	$24.500	Operativo	AL DÍA	14030	20-08-2064	15-04-2026	20-03-2026	0	0	CERRADO	OPERATIVO	BAJA	Monitorear próximo vencimiento
VD-95	Camioneta	Vehículos Livianos	Maxus	T60 DCAB 2.8	2023	Quirihue	KM	15000	155,8	24-04-2026	0	151721,00	151721,00	06-04-2026	148168,00	148168	$0	$24.500	$24.500	Operativo	AL DÍA	11447	26-08-2057	15-04-2026	06-04-2026	0	0	CERRADO	OPERATIVO	BAJA	Monitorear próximo vencimiento
VD-96	Camioneta	Vehículos Livianos	Maxus	"	T60 DCAB 2.8"	2023		KM	15000	301,7	21-04-2026	0	133636,00	133636,00	00-01-1900	Sin datos de mantención registrado	Sin datos de mantención registrado	$0	$24.500	$24.500	Operativo	EN PROCESO			15-04-2026		22		SIN SALIDA BODEGA	EN PROCESO	SEGUIMIENTO	Hacer seguimiento al taller y cerrar report
VD-97	Camioneta	Vehículos Livianos	Maxus	T60 DCAB 2.8	2023	Oficina Central	KM	15000	291,1	27-03-2026	0	112051,00	112051,00	18-03-2026	110602,00	110602	$276.888	$416.590	$693.478	Operativo	AL DÍA	13551	03-05-2063	19-03-2026	12-03-2026	0	6	CERRADO	OPERATIVO	BAJA	Monitorear próximo vencimiento
VD-98	Camioneta	Vehículos Livianos	Maxus	T60 DCAB 4X2 2.0	2023		KM	15000	446,2	24-12-2025	0	110259,00	110259,00	00-01-1900	Sin datos de mantención registrado	Sin datos de mantención registrado	$0	$0	$0	Operativo	AL DÍA							SIN SALIDA BODEGA	OPERATIVO	BAJA	Monitorear próximo vencimiento
VD-99	Camioneta	Vehículos Livianos	Maxus	T60 DCAB 4X2 2.0	2023		KM	15000	87,4	24-12-2025	0	96800,00	96800,00	00-01-1900	Sin datos de mantención registrado	Sin datos de mantención registrado	$0	$0	$0	Operativo	AL DÍA							SIN SALIDA BODEGA	OPERATIVO	BAJA	Monitorear próximo vencimiento
WED-05	Semiremolque	Maquinaria Pesada	Netzer	NS173	1990		HORAS	250	0	00-01-1900	0	0,00		00-01-1900	Sin datos de mantención registrado	Sin datos de mantención registrado	$0	$0	$0	Operativo	AL DÍA							SIN SALIDA BODEGA	OPERATIVO	BAJA	Monitorear próximo vencimiento
WED-06	Semiremolque	Maquinaria Pesada	Cozad	Lowboy	2007		HORAS	250	0	00-01-1900	0	0,00		00-01-1900	Sin datos de mantención registrado	Sin datos de mantención registrado	$0	$0	$0	Operativo	AL DÍA							SIN SALIDA BODEGA	OPERATIVO	BAJA	Monitorear próximo vencimiento
WED-07	Semiremolque	Maquinaria Pesada	Eager Beaver	50 GSL 3	2010		HORAS	250	0	00-01-1900	0	0,00		00-01-1900	Sin datos de mantención registrado	Sin datos de mantención registrado	$0	$0	$0	Operativo	AL DÍA							SIN SALIDA BODEGA	OPERATIVO	BAJA	Monitorear próximo vencimiento
WED-08	Semiremolque	Maquinaria Pesada	Leciena	Ser 3ED	2010		HORAS	250	0	00-01-1900	0	0,00		00-01-1900	Sin datos de mantención registrado	Sin datos de mantención registrado	$0	$0	$0	Operativo	AL DÍA							SIN SALIDA BODEGA	OPERATIVO	BAJA	Monitorear próximo vencimiento
