Código interno	Placa	Tipo de equipo	Marca	Modelo	Año	N° Chasis	N° Motor
CD-100	BGPG-36	Camión Slurry	Volkswagen	26220	2008	"	9BW4782U98R809005"	"	30581677"
CD-102	KRPH-70	Camión Tolva	Man	TGS 50480	2018	"	WMA39WZZ1JP106427"	51550440095041
CD-103	KRPH-69	Camión Tolva	Man	TGS 50480	2018	"	WMA39WZZ3JP106235"	"	51550392845041"
CD-104	KWSG-16	Camión Tolva	Man	TGS 50480	2019	WMA39WZZ6JP106360	51550421165041
CD-105	KSPW-23	Camión Tolva	Man	TGS 50480	2018	WMA39WZZ0JP106175	"	51550392185041"
CD-106	KVLB-16	Camión Tolva	Man	TGS 50480	2019	WMA39WZZ6JP106343	"	51550413135041"
CD-107	KVLB-17	Camión Tolva	Man	TGS 50480	2019	WMA39WZZ2JP106310	"	51550402825041"
CD-108	BKYH-42	Camión Slurry	International	7600	2008	"	1HTWYAHTX9J060028"	"	35224787"
CD-109	DXZT-44	Camión Plano	Hino	XZU 6.5 DCAB	2012	"	JHHMCP3H9CK003407"	"	N04CUV11749"
CD-110	HBSK-23	Camión Plano	Jac	Urban HFC1050K	2015	"	LJ11PDB6G6000022"	"	E4052844"
CD-111	XG-9684	Camión Plano	Mercedes Benz	Atego 1315 48	2007	9BM9580248B538561	904966U0730988
CD-112	Sin patente	Camión Pintura	No hay info	No hay info	No hay info	No hay Info	No hay info
CD-113	DBVW-59	Camión Imprimador	Volkswagen	17180M	2011	"	9533182T1BR131772"	"	G1T130182"
CD-114	SD7562	Camión Imprimador	Freightliner	M2 112	1998	1FV6JLBB3WH955445	45620018
CD-115	CYZV-93	Tracto Camión	Mercedes Benz	LS 1634 45	2011	9BM695053BB767227	"	457914U0956513"
CD-116	DWFJ-50	Camión Plano	Wolkswagen	9150E	2012	"	9533A52RXCR235357"	"	36370191"
CD-117	Sin patente	Camión Slurry	No hay info	No hay info	No hay info	No hay Info	No hay info
CD-118	CFZB-91	Camión Plano	Freightliner	M2 106	2010	1FVACYDJ5AHAN9309	"	92692800779060"
CD-119	FHFH-67	Camión Combustible	Hino	GH8JMTA	2013	"	JHDGH8JMTDXX10065"	J08EUB13646
CD-120	TCXR-54	Camión Tolva	Man	TGS 40400 BB	2024	"	WMA34EZZ8PM917239"	"	50565201356520"
CD-121	TCXR-55	Camión Tolva	Man	TGS 40400 BB	2024	"	WMA34EZZ2PM917799"	50565261276520
CD-122	TCXP-96	Camión Tolva	Man	TGS 40400 BB	2024	"	WMA34EZZ2PM917821"	"	50565270706520"
CD-123	TCXR-51	Camión Tolva	Man	TGS 40400 BB	2024	WMA34EZZ8PM918326	"	50565322086529"
CD-124	TCXP-93	Camión Tolva	Man	TGS 40400 BB	2024	"	WMA34EZZ1PM917194"	50565200626520
CD-125	SSXT-74	Camión Maxus	Maxus	C35 2.0	2023	LSH14B4C1ND104232	A5G22000421
CD-126	SSXV-16	Camión Maxus	Maxus	C35 2.0	2023	LSH14B4C2ND104224	"	A5G22000424"
CD-127	DKSG-85	Camión Pluma	International	4300	2012	"	3HAMMAAR0CL614137"	"	470HM2U1585383"
CD-128	DWTF-64	Camión slurry	Mack	GU 813	2012	1M2AX18C0CM019077	"	MP8-983724"
CD-129	DHZP-34	Camión Aljibe	Mack	GU 813	2012	1M2AX18C2CM015984	"	965208"
CD-130	RCDD-19	Camión Tolva	Renault	K480	2021	"	VF631S356MD000850"	"	2068969"
CD-131	RCDD-13	Camión Tolva	Renault	K480	2021	"	VF631S350MD000830"	2066795
CD-132	RHCT-30	Camión Tolva	Renault	K480	2021	VF631S354MD000880	"	2075492"
CD-133	CDGH-31	Camión Plano	International	7400	2010	"	3HTWGADT09N119271"	"	1543211"
CD-134	DKSG-84	Camión Plano	International	4300	2012	3HAMMAAR9CL614136	"	470HM2U1585381"
CD-135	GGWC-75	Camión Plano	Mack	GU 813	2014	1M2AX16C6EM027137	"	MP8 1046751"
CD-136	GXBG-91	Camión Combustible	Hino	HZU	2015	"	JHHYCPOH9FK009055"	"	N04C UV19521"
CD-137	FYTF-46	Tracto Camión	Mercedes Benz	Axor 1936	2014	WDB944032DL705690	"	45794800250691"
CD-138	Sin patente	Camion Imprimador	Sterling	L7500			
CD-139	CXPP-68	Camion Plano	Mercedes Benz	Atego 1015	2011	WDB9700451L507727	90491600862316
CD-140	DDBF-73	Camion Plano	Mercedes Benz	915 C 37	2011	9BM979046BB749173	904970U0907484
CD-141	PK4718	Camion Mixer	Mack	DM 690S	1997	"	DM690S-20265"	"	EM73006N0171"
CD-142	ZV6112	Camion Mixer	Freightliner	FLD 112	2006	3ALHAEA8X6DW27455	35137337
CD-51	CVDT-92-4	Camión Combustible	Hino	XZU 8.0	2011	"	JHFUT11H5BK002908"	N04C TT22347
CD-57	DWFR-85	Camión Plano	Hino	XZUDCAB	2012	JHHMCP3H1CKL002297	"	N04C UV11071"
CD-68	BTCY-63	Camión Aljibe	Mack	GU 813	2008	1M2AX18C89M005291	916243
CD-69	KLVY-31	Tracto Camión	Scania	P400A	2018	9BSP6X400K3923937	"	8313595"
CD-71	BDZL-50	Camión Aljibe	Mack	GU 813	2008	1M2AX18C59M005085	"	915248"
CD-73	GTHK-16	Camión Aljibe	Mack	GU 813	2014	"	1M2AX16C0FM028157"	"	MP8 1059223"
CD-74	CSTY-54	Tracto Camión	Renault	Premium Lander	2011	VF625KPA000001053	179976
CD-80	DRDL-86	Camión Pluma	International	7600	2012	No Disponible	"	35292633"
CD-86	CKDK-40-0	Camión Aljibe	Kenworth	T800	2010	"	277477"	"	79416020"
CD-87	LTKJ-37-9	Camión Tolva	Man	TGS 40400 BB	2020	"	WMA34WZZ1KM802478"	"	50551592085162"
CD-88	LTKJ-38-7	Camión Tolva	Man	TGS 40400 BB	2020	"	WMA34WZZ3KM802501"	50551593065162
CD-89	LTKJ-39-5	Camión Tolva	Man	TGS 40400 BB	2020	"	WMA34WZZ8KM802509"	"	50551593185162"
CD-90	LVHG-34-5	Camión Tolva	Man	TGS 40400 BB	2020	"	WMA34WZZ9KM802485"	"	50551592205162"
CD-91	LTKJ-40-9	Camión Tolva	Man	TGS 40400 BB	2020	WMA34WZZ8KM802493	"	50551592885162"
CD-92	CVFZ-58	Camión Combustible	Hino	XZU423L	2011	"	JHFYT21H3BK002512"	"	N04C TT21957"
CD-93	FRLJ-26	Camión Plano	Hino	XZUDCAB	2013	"	JHHMCP3H6DK004466"	"	N04C UV13074"
CD-94	JZTH-80	Camión Tolva	Man	TGS 33400	2018	"	WMA26SZZ9HM723938"	"	50545792154582"
CD-96	WG-4918	Camión Aljibe	Mercedes Benz	Atego 1315 48	2007	9BM9580248B539309	"	904966U0731693"
CD-97	FHVP-39-5	Tracto Camión	Man	TGS 33480	2013	WMA26SZZ1CM596823	51531552303155
CD-98	GFKD-47	Camión Plano	Hino	Xzu 6.5	2014	JHHMCP3HXEK006660	"	N04CUV15827"
CD-99	FJCY-45	Camión Aljibe	Freightliner	M2 112	2013	3ALHC5CV2DDFA3477	460934U0973230
ED-07	No aplica	Soldadora	Indura	400	1990	No Disponible	No Disponible
ED-23	No aplica	Generador	Cummins	C80D5	2005	No Disponible	30682324
ED-29	No aplica	Generador	Iveco	Gecursor 300E	2010	No Disponible	124967
ED-30	No aplica	Generador	Westac Kauffman	KPP 033	2011	WU10-0423-1	DJ51279-U223223T
ED-44	No aplica	Generador	Miller	Big Blue 500X	2011	No Disponible	763321W
ED-49	No aplica	Generador	Daewoo	DDAE8000SE	2019	DDG0085TPCHI1803	No Disponible
ED-51	No aplica	Gravilladora	Etnyre	K-5180	2010	K5032	46A013986
ED-52	No aplica	Barredora	Rosco	Rb-48	2000	No Disponible	No Disponible
ED-61	No aplica	Gravilladora	Rosco	4wd	2001	No Disponible	No Disponible
ED-62	No aplica	Generador	Cummins	APW15	2019	No Disponible	19090681
ED-63	No aplica	Barredora	Rosco	K-5180	2000	No Disponible	No Disponible
ED-64	No aplica	Perforadora Hidraulica	Furukawua	HCR1200-EDII	2017	No Disponible	No Disponible
ED-65	No aplica	Compresor	Atlas Copco	EHR-700	2020	No Disponible	No Disponible
ED-66	No aplica	Planta Micropavimento	Romanelli	UHR700H	2021	No Disponible	No Disponible
ED-67	No aplica	Imprimador	Rayner	Rayner	2020	No Disponible	No Disponible
ED-73		Gravilladora	Rosco	SPRHH	2007		
EQP-10	No aplica	Planta aridos	Sandvik	QS331	2016	QS33100412	D9N04803
EQP-11	No aplica	Planta Aridos seleccionadora	Terex	674	2017	TRX00674EDGH44273	XK06-002-00403/W2302663
EQP-13	No aplica	Planta aridos	Sandvik	UH440I	2010	No Disponible	No Disponible
EQP-14	No aplica	Planta aridos	Kleemann	Mc 110R	2014	No Disponible	No Disponible
EQP-15	No aplica	Planta Aridos seleccionadora	Rubble Master	HS 11000 M	2020	No Disponible	No Disponible
EQP-16	No aplica	Planta aridos	Sandvik	UH440I	2010		
EQP-17	No aplica	Planta Aridos seleccionadora	Maximuss	512			
EQP-18	No aplica	Planta aridos	Kleemann	Mc 110Z	2019		
EQP-19	No aplica	Planta aridos	Iveco	GeCursor 300ED	2008	EOL20042704	124963
EQP-7	No aplica	Planta aridos	Sandvik	UH440I	2010	PCR0990s10035	12*646314*D1*A
EQP-9	No aplica	Planta aridos	Sandvik	QJ341	2014	1886SW14533	D9N0 1394
MD-100	TSSK-38	Excavadora	Sany	SY215CLC	2024	0E111023XP3L70012	E81297
MD-101	KRPR-12	Motoniveladora	Komatsu	GD675 5	2018	No Disponible	"	26685561"
MD-102	GGZV-37	Rodillo	Bomag	BW211 D40	2014	"	101582422783"	"	11505910"
MD-103	KRSW-69	Rodillo	Bomag	BW211 D5	2019	"	101586691005"	"	12237508"
MD-104	TGWK-38	Excavadora	Sany	SY215CLC	2024	0E111023XP3L70026	E81172
MD-105	No aplica	Cargador Frontal	Hyundai	HL7709S	2019	HHKHLK05TJ0000852	HHKHLK05TJ0000852
MD-106	HVZY82-K	Maquina Industrial	Dieci	"	L 3500"	2016	"	LH6820851"	"	1375088"
MD-107		Cargador Frontal	Sany	SW978K1	2024	SANLW8B04PH000019	1623G019383
MD-108	BTTC-71	Rodillo de Neumaticos	Hamm	"	GRW 15"	2008	"	H1900055"	"	10573149"
MD-109	KZTK-23	Motoniveladora	Caterpillar	12M	2019	CAT0012MHB9200941	TX707392
MD-110	KZTK-25	Motoniveladora	Caterpillar	12M	2019	CAT0012MHB9200809	TX706854
MD-25	CG-RG59	Motoniveladora	John Deere	772 D	2010	DW772DX623449	RG6081H303429
MD-26	CG-RG60	Motoniveladora	John Deere	772 D	2010	"	DW772DX622631"	RG6081H303250
MD-28	CWYY-58	Excavadora	Doosan	Dx225lca	2011	No Disponible	"	DB58TIS005477EN"
MD-33	BRDD-58	Excavadora	Komatsu	PC450 7E0	2008	No Disponible	565150
MD-36	DSKG-35-3	Cargador Frontal	Caterpillar	966H	2012	No Disponible	TXE03421
MD-37	FDRF-45-5	Cargador Frontal	Volvo	l120F	2012	VCEL120FL00072352	"	11259653"
MD-38	DPZW-46-7	Rodillo	Bomag	BW211 D40	2012	No Disponible	"	11183882"
MD-39	 FTYL-16	Motoniveladora	Volvo	G940	2013	"	VCE0G940J00503511"	"	11374614"
MD-41	No aplica	Rodillo	Bomag	BW211 D40	2011	No Disponible	No Disponible
MD-42	HSBW-81	Cargador Frontal	Volvo	L150G	2013	No Disponible	"	352714"
MD-43	FFVV-88-6	Excavadora	Volvo	EC330BLC	2013	No Disponible	"	673265"
MD-45	No aplica	Cargador Frontal	John Deere	624K	2014	1DW624KZEED6635587	PE6068L257577
MD-46	LGGG-86-2	Excavadora	Doosan	Dx225lca	2019	No Disponible	"	DB58TIS835330EN"
MD-47	FJHS-13	Excavadora	John Deere	350GLC	2013	"	1FF350GXJBD808246"	RG6090L109022
MD-49	DBLS-63	Retroexcavadora	New Holland	B90B 4X4	2011	No Disponible	"	000817605"
MD-50	DTTZ-19-K	Retroexcavadora	New Holland	B90B 4X4	2011	No Disponible	"	929680"
MD-51	No aplica	Rodillo de Neumaticos	Dynapac	CP 271	1998	No Disponible	No Disponible
MD-52	No aplica	Rodillo Doble Tambor	Dynapac	CC 422	1998	No Disponible	No Disponible
MD-53	No aplica	Rodillo Doble Tambor	Dynapac	CC 422	2001	No Disponible	No Disponible
MD-55	GLYW-84	Rodillo	Bomag	BW211 D40	2015	No Disponible	"	11505912"
MD-56	DBFZ-81	Motoniveladora	John Deere	772G	2011	"	DW772GX628624"	"	RG6090L077159"
MD-57	DZYP-57	Excavadora	Doosan	Dx225lca	2013	No Disponible	"	DB58TIS207236EN"
MD-58	No aplica	Rodillo de Neumaticos	Dynapac	CP 271	1998	No Disponible	No Disponible
MD-59	CXKC-22	Cargador Frontal	John Deere	724K	2011	1DW724KXLA060631275	RG6090L088881
MD-61	HKDH-33	Excavadora	Doosan	Dx225lca	2015	No Disponible	"	DB58TIS420634EN"
MD-62	WA.9999-K	Excavadora con Ruedas	Daewoo	S210W v	2006	No Disponible	DB58TIS-504305EC
MD-64	BTTJ-91	Retroexcavadora	Case	580M	2009	No Disponible	"	46892492"
MD-65	GZSP-65	Cargador Frontal	Jcb	467 Zx	2015	JCB467Z0E01390569	"	35327700"
MD-67	BTJF-86	Rodillo	Bomag	BW211 D40	2008	No Disponible	"	10574599"
MD-68	DVPY-88	Rodillo	Bomag	Bw212 D40	2012	No Disponible	11179309
MD-70	GPRS-53	Excavadora con Ruedas	Doosan	S210W v	2014	No Disponible	"	DB58TIS420699EC"
MD-71	No aplica	Retroexcavadora	Case	580M	2002	 JJG0310957	No Disponible
MD-72	No aplica	Retroexcavadora	Case	580M	2004	No Disponible	No Disponible
MD-73	No aplica	Motoniveladora	Volvo	G930	2007	VCE0G930P00041238	No Disponible
MD-74	No aplica	Excavadora	Komatsu	PC300LC	2012	No Disponible	No Disponible
MD-75	GYXW-44	Retroexcavadora	Caterpillar	416 E	2015	No Disponible	"	G4D52633"
MD-76	GZSP-62	Retroexcavadora	Jcb	3CX 4X4	2015	HAR3CXTTH02615379	"	SB320/45045H00089713"
MD-77	DKPV-71	Motoniveladora	John Deere	770G	2012	1DW770GXLBD638191	"	RG6090L106169"
MD-78	No aplica	Extendedora	Abg	Titan 323	1998	No Disponible	No Disponible
MD-79	KXSG-38	Motoniveladora	John Deere	670G	2011	"	1DW670GXEA0633674"	PE6068H806276
MD-80	LDJL-15	Retroexcavadora	Jcb	3CX 4X4	2019	S0R3CXTTTJ2740209	"	SB32045045H00169532"
MD-81	No aplica	Pavimentadora de encofrado deslizante	Gomaco	GT-3600	2001	No Disponible	No Disponible
MD-82	No aplica	Excavadora	Doosan	Dx340lca	2019	DWGCECAPTH1011392 	763910
MD-83	No aplica	Excavadora	Doosan	Dx300lca	2020	 DWGCAOVJ1010369	864819
MD-84	No aplica	Excavadora	Hitachi	Zx210C	2019	No Disponible	No Disponible
MD-85	No aplica	Motoniveladora	Caterpillar	160H	2009		10Z52061
MD-87	LDTD-66	Excavadora	Hitachi	210 Lc 	2019	"	1F9DCDG1AHC330106"	"	6BG1356092"
MD-88	LFXV-59	Excavadora	Hitachi	210 LC	2019	"	1F9DCDG1CHC330094"	6BG1346186
MD-89	LBFZ-53-8	Motoniveladora	Volvo	G940	2012	"	VCE0G940T00503293"	"	11150544"
MD-90	JXWH-19	Excavadora	Caterpillar	330D	2007	"	CAT0330DVJLP00480"	THX10168
MD-91	FKTW-68	Motoniveladora	John Deere	772G	2013	"	1DW772GXKCD646278"	"	RG6090L112984"
MD-92	FKLB-44	Cargador Frontal	John Deere	554K	2013	1DW544KZECD646196	"	PE6068L204568"
MD-93	TDTT-75	Retroexcavadora	Sany	BHL75A	2023	SY007CLA22070006SJ	77260333
MD-94	No aplica	Retroexcavadora	Hyundai	H940C	2023	HHHKHU601PU0001569	RG75486R049662H
MD-95	No aplica	Retroexcavadora	Hyundai	H940C	2023	HHKHU601TU0001571	RG75486R049668H
MD-96	TDTT-76	Retroexcavadora	Sany	BHL75A	2023	SY007CLA22070001SJ	772603343
MD-97	DDJF-30	Rodillo Neumaticos	Hamm	GRW15	2011	"	H1900851"	"	10920371"
MD-98	DDZV-51	Rodillo Neumaticos	Hamm	GRW15	2011	H1901197	11047804
MD-99	TSSK-37	Excavadora	Sany	SY215CLC	2024	0E110231P3L8007	E81168
VD-100	SYXP-31	Camioneta	Maxus	T60 DCAB 4X2 2.0	2023	LSFAM11A8PA095409	M9232013937
VD-101	SYXP-41	Camioneta	Maxus	T60 DCAB 4X2 2.0	2023	9BWAB45U7GT011528	"	M9232012425"
VD-102	TJVP-41	Camioneta	Mahindra	4x2 6MT	2024	MA1RB2XV2R2034626	XVP4G11412
VD-103	TJVP-42	Camioneta	Mahindra	4x2 6MT	2024	MA1RB2XV2R2014323	XVP4M12531
VD-104	HXTB-33	Auto	Suzuki	Ciaz	2016	MA3VC41S6GA169865	"	K14BN7105330"
VD-105	KXBC-82	Camioneta	Citroen	Berlingo C Electric	2019	"	VF77DZKYZKJ503295"	1051002009143
VD-106	DCLR-22	Camioneta	Wolkswagen	9150 EOD	2011	9532A52R4BR044947	"	36190845"
VD-107	TPBK-32-K	Camioneta	Ssangyong	Musso Grand 4x2	2024	KPAX62EESRP213997	67296010522885
VD-108	TPBK-76-1	Camioneta	Ssangyong	Musso Grand 4x2	2024	KPAX62EESRP222899	"	67296010523250"
VD-109	TPBK-66-4	Camioneta	Ssangyong	Musso Grand 4x2	2024	KPAX62EESRP210621	"	67296010522797"
VD-110	TRDS-45	Camioneta	Mahindra	Pik up CRDE 4X2 2.2	2024	MA1RB2XV2R2823424	"	XVR4A12044"
VD-111	TRDS-49	Camioneta	Mahindra	Pik up CRDE 4X2 2.2	2024	MA1RB2XV2R2D10728	"	XVR4C12136"
VD-112	TRDS-50	Camioneta	Mahindra	Pik up CRDE 4X2 2.2	2024	MA1RB2XV2R2A17818	"	XVR4A11451"
VD-113	TRDS-54	Camioneta	Mahindra	Pik up CRDE DC 2.2	2024	MA1RD2XV2P2D49686	"	XVP4D11077"
VD-114	TSSL-50	Camioneta	Mahindra	Pik up CRDE DC 2.2	2024	MA1RD2XV2P1F27752	"	XVP4E10149"
VD-115	TVGT-47	Furgon	Peugeot	Partner 1.5D L1	2025	VR3EDYHT2SN500646	10Q4EU0406641
VD-116	TVGT-49	Furgon	Peugeot	Partner 1.5D L1	2025	VR3EDYHT2SN500685	10Q4EU0403474
VD-117	TVGT-62	Furgon	Peugeot	Partner 1.5D L1	2025	VR3EDYHT2SN500558	10Q4EU0404157
VD-118	TVGT-53	Furgon	Peugeot	Partner 1.5D L1	2025	VR3EDYHT2SN500682	10Q4EU0404044
VD-119	TVGT-55	Furgon	Peugeot	Partner 1.5D L1	2025	VR3EDYHT2SN500681	10Q4EU0404042
VD-120	TVGT-57	Furgon	Peugeot	Partner 1.5D L1	2025	VR3EDYHT2SN500904	10Q4EU0410632
VD-121	TVGT-58	Furgon	Peugeot	Partner 1.5D L1	2025	VR3EDYHT2SN500948	10Q4EU0410634
VD-122	TVGT-59	Furgon	Peugeot	Partner 1.5D L1	2025	VR3EDYHT2SN500652	10Q4EU0406663
VD-123	TVGT-61	Furgon	Peugeot	Partner 1.5D L1	2025	VR3EDYHT2SN500537	10Q4EU0404203
VD-124	TVGT-63	Furgon	Peugeot	Partner 1.5D L1	2025	VR3EDYHT2SN500683	10Q4EU0403471
VD-125	TWBW-32	Camioneta	Maxus	T60 2.0 AT	2025	LSFAM11A4RA082109	M9243014368
VD-126	TWBX-42	Camioneta	Maxus	T60 2.0 AT	2025	LSFAM11A8RA082114	M9243014364
VD-127	TWBX-43	Camioneta	Maxus	T60 2.0 AT	2025	LSFAM11AXRA082096	M9242013547
VD-128	TWBX-44	Camioneta	Maxus	T60 2.0 AT	2025	LSFAM11AXRA082115	M9242013558
VD-129	TWBX-45	Camioneta	Maxus	T60 2.0 AT	2025	LSFAM11A5RA082099	M9242013555
VD-130	TWBV-47	Camioneta	Maxus	T60 2.0 AT	2025	LSFAM11A9SA041500	M9244025849
VD-131	TWBV-48	Camioneta	Maxus	T60 2.0 AT	2025	LSFAM11A2SA041497	M9244025846
VD-132	TWBV-49	Camioneta	Maxus	T60 2.0 AT	2025	LSFAM11A9SA041495	M9244025830
VD-133	TWBV-50	Camioneta	Maxus	T60 2.0 AT	2025	LSFAM11A4SA041498	M9244025838
VD-134	TWBV-33	Camioneta	Maxus	T60 2.0 AT	2025	LSFAM11A2RA082111	M9243014052
VD-135	SGRK-37	Camioneta	Changan	HUNTER 1.9 MT 4X4 COMFORT	2023	"	LSCBBZ2G2PG608272"	D20TCIEA5D22004806
VD-136	VLXY-49	Camioneta	Maxus	T60 DCAB 4X2 2.0	2026	LSFAM11A9SA059642	M924A064454
VD-137	VLXY-51	Camioneta	Maxus	T60 DCAB 4X2 2.0	2026	LSFAM11A7SA059641	M924A065038
VD-138	VLXY-55	Camioneta	Maxus	T60 DCAB 4X2 2.0	2026	LSFAM11A6SA059615	M924A065072
VD-139	VLXY-56	Camioneta	Maxus	T60 DCAB 4X2 2.0	2026	LSFAM11A8SA059180	M924B066861
VD-140	VLXY-59	Camioneta	Maxus	T60 DCAB 4X2 2.0	2026	LSFAM11A8SA059647	M924A065047
VD-141	VLXY-54	Camioneta	Maxus	T90 DCAB 4X2 2.0	2026		
VD-29	DRHX-59	Minibus	Mercedes Benz	SPRINTER 313 CDI	2017	8AC903672CE057950	61198170134267
VD-38	JBSP-78	Minibus	Mercedes Benz	SPRINTER 415 CDI	2017	8AC906633HE131842	651955W0063469
VD-45	LTGC-32	Minibus	Mercedes Benz	SPRINTER 415 CDI 2.1	2020	8AC906633KE160865	651955W0086454
VD-57	PZRX-49	Camioneta	Maxus	T60 DCAB 2.8	2021	LSFAM11A1NA040779	R9214021833
VD-58	PZRX-57	Camioneta	Maxus	"	T60 DCAB 2.8"	2021	LSFAM11A2NA040774	R9214021853
VD-59	PZRX-56	Camioneta	Maxus	T60 DCAB 2.8	2021	LSFAM11A2NA040760	R9214021845
VD-60	PZRY-61	Camioneta	Maxus	T60 DCAB 2.8	2021	LSFAM11A0NA040773	"	R9214021656"
VD-62	RCKS-11	Camioneta	Maxus	"	T60 DCAB 2.8"	2021	LSFAM11A0MA079040 	"	R9215029930"
VD-63	RCKS-10	Camioneta	Maxus	T60 DCAB 2.8	2021	LSFAM11A2MA079038	"	R9215027451"
VD-64	RCKS-76	Camioneta	Maxus	T60 DCAB 2.8	2021	LSFAM11A0MA079037	R9215027625
VD-65	RCKS-82	Camioneta	Maxus	T60 DCAB 2.8	2021	LSFAM11A0MA079037	R9215027494
VD-67	RCKS-12	Camioneta	Maxus	T60 DCAB 2.8	2021	LSFAM11A1MA079029	R9215027498
VD-68	RCKS-80	Camioneta	Maxus	T60 DCAB 2.9	2021	"	LSFAM11A4MA079042"	R9215027475
VD-69	RBYB-62	Camioneta	Maxus	T60 DCAB 2.9	2021	LSFAM11A3NA040847	R9214022273
VD-70	CGWW-29	Furgon	Mercedes Benz	Vito 11 CDI	2010	WDF63960313555018	64698251796831
VD-71	JDTC-31	Furgon	Mercedes Benz	Vito Tourer 114 CDI	2017	WDF447703G3157505	"	65195033410540"
VD-73	FRBP-20	Furgon	Mercedes Benz	VITO 113 CDI	2013	WDF639603D3780177	65194031364474
VD-74	SLTJ-15	Camioneta	ZX Auto	TERRALORD DCAB 2.5	2023	LTA1222U0N9102350	2036110703
VD-75	SLTH-91	Camioneta	ZX Auto	TERRALORD DCAB 2.5	2023	LTA1222U7N9102264	2036111862
VD-76	SLTH-82	Camioneta	ZX Auto	TERRALORD DCAB 2.5	2023	LTA1222U4N9102349	2036110714
VD-77	SLTH-77	Camioneta	ZX Auto	TERRALORD DCAB 2.5	2023	LTA1222U2N9102348	"	2036110719"
VD-78	SLTH-76	Camioneta	ZX Auto	TERRALORD DCAB 2.5	2023	"	LTA1222U7N9102362"	"	2036110788"
VD-79	SLTH-57	Camioneta	ZX Auto	TERRALORD DCAB 2.5	2023	LTA1222U1N9102373	2036110783
VD-80	HFKZ-23	Furgon	Peugeot	EXPERT HDI 2.0	2015	VF3XURHH8GZ000118	10DYZF4029852
VD-81	KZBX-13	Furgon	Citroen	BERLINGO B9 C HDI 1.6	2019	527048	10JBEM0576321
VD-82	KBSH-96	Camioneta	Volkswagen 	SAVEIRO CABINA SIMPLE 1.6 MT POWER PLUS	2018	9BWKB45U3JP064327	CFZS82144
VD-83	KHTR-38	Furgon	Renault	DOKKER III 1.5	2018	VF18SRN45JG004890	K9KC612D414714
VD-84	101p	Furgon	Renault	KANGOO 1.5	2017	VF1FW15C5HU534891	K9KE808D152928
VD-85	JJZH-94	Furgon	Renault	KANGOO 1.5	2017	VF1FW15C5HU534883	K9KE808D152892
VD-86	JJZH-95	Furgon	Renault	KANGOO 1.5	2017	VF1FW15C5HU534885	K9KE808D152855
VD-87	STHC-96	Camioneta	Maxus	T60 DCAB 2.8	2023	LSFAM11A0PA058838	R9228013338
VD-88	STHF-20	Camioneta	Maxus	T60 DCAB 2.8	2023	LSFAM11A2PA058839	R9229013456
VD-89	STHF-33	Camioneta	Maxus	T60 DCAB 2.8	2023	"	LSFAM11A5PA058818"	R9228013335
VD-90	STVK-70	Camioneta	Maxus	T60 DCAB 2.8	2023	"	LSFAM11A9PA059888"	R9229013449
VD-91	STHG-84	Camioneta	Maxus	T60 DCAB 2.8	2023	LSFAM11A3 PA064973	R922A015442
VD-92	STHH-23	Camioneta	Maxus	T60 DCAB 2.8	2023	LSFAM11A3PA064990	R9229014769
VD-93	STHH-36	Camioneta	Maxus	T60 DCAB 2.8	2023	LSFAM11A2PA064981	R9229014798
VD-94	STHH-43	Camioneta	Maxus	T60 DCAB 2.8	2023	LSFAM11A2PA064978	R9229014783
VD-95	STHK-42	Camioneta	Maxus	T60 DCAB 2.8	2023	LSFAM11A1PA064972	R922A015473
VD-96	STHK-43	Camioneta	Maxus	"	T60 DCAB 2.8"	2023	"	LSFAM11A1PA064986"	"	R9229014764"
VD-97	STHK-66	Camioneta	Maxus	T60 DCAB 2.8	2023	LSFAM11A0PA064977	R9229014778
VD-98	SYXL-98	Camioneta	Maxus	T60 DCAB 4X2 2.0	2023	LSFAM11A0PA068866	"	M922B085274"
VD-99	SYXP-24	Camioneta	Maxus	T60 DCAB 4X2 2.0	2023	LSFAM11A8PA096429	M9232013486
WED-05	JF-1435	Semiremolque	Netzer	NS173	1990	"	NSCH23690027"	No Disponible
WED-06	JL-6504	Semiremolque	Cozad	Lowboy	2007	No Disponible	No Disponible
WED-07	JK-1578	Semiremolque	Eager Beaver	50 GSL 3	2010	"	112SD2489AL074609"	No Disponible
WED-08	JN-9416	Semiremolque	Leciena	Ser 3ED	2010	"	VSRSE3E10ML073054"	No Disponible
VD-142	RWYD-60	Camioneta	Maxus	T60 4x4	2022	LSFAM11A1NA053533	M921C098376
