MANTENCIONES (EDITABLE)									
									
Fecha	Codigo	Tipo Mantencion	Lectura	EsPM	Folio	Lugar	Proveedor	 Costo Mantencion CLP 	Estado
06-11-2025	MD-57	Mantencion 250Hrs	13469	Sí	15910				Finalizada
24-10-2025	MD-83	Mantencion 250Hrs	7636	Sí	15906				Finalizada
06-11-2025	MD-68	Mantencion 250Hrs	3240	Sí	15908				Finalizada
20-01-2026	MD-83	Mantencion 250Hrs	8046	Sí					Finalizada
11-11-2025	CD-88	Mantencion 250Hrs	1453	Sí	15913				Finalizada
19-11-2025	CD-102	Mantencion 300Hr	9695	Sí	15914				Finalizada
21-11-2025	MD-95	Mantencion 300Hr	1413	Sí	15178				Finalizada
24-11-2025	MD-88	Mantencion 300Hr	6327	Sí	15179				Finalizada
02-12-2025	MD-102	Mantencion 300Hr	5321	Sí	15184				Finalizada
04-12-2025	MD-94	Mantencion 300Hr	2060	Sí	15186				Finalizada
17-12-2025	VD-78	Mantencion 10mil	128090	Sí	SN				Finalizada
18-12-2025	VD-77	Mantencion *	128838	Sí	SN				Finalizada
23-12-2025	CD-97	Mantencion *	530211	Sí	SN				Finalizada
24-12-2025	CD-69	Mantencion 300Hr	461588	Sí	389				Finalizada
06-01-2026	MD-73	Mantencion *	17076	Sí	389				Finalizada
06-01-2026	CD-142	Mantencion *	331891	Sí	389				Finalizada
10-11-2025	MD-96	Mantencion *	1496	Sí	15912				Finalizada
09-01-2026	MD-109	Mantencion *	87661	Sí	389				Finalizada
12-01-2026	VD-119	Mantencion *		Sí	389				Finalizada
12-01-2026	VD-84	Mantencion 10mil	118530	Sí	SN				Finalizada
12-01-2026	ED-73	Mantencion *	681	Sí					Finalizada
08-09-2025	MD-107	Mantencion *	393	Sí	15911				Finalizada
13-01-2026	VD-91	Mantencion 10mil	105667	Sí	389				Finalizada
14-01-2026	VD-76	Mantencion 10mil	157018	Sí	389				Finalizada
06-11-2025	MD-107	Mantencion *	748	Sí	15911				Finalizada
15-01-2026	VD-95	Mantencion 15000	136208	Sí	389				Finalizada
06-11-2025	MD-100	Mantencion 300Hr	2000	Sí	15909				Finalizada
06-01-2026	MD-100	Mantencion 300Hr	2600	Sí	15920				Finalizada
13-01-2026	MD-107	Mantencion *	1112	Sí	15921				Finalizada
22-01-2026	CD-132	Mantencion *	189042	Sí					Finalizada
22-01-2026	CD-106	Mantencion	8319	Sí					Finalizada
27-01-2026	MD-75	Mantencion 300Hr		Sí	15440				Finalizada
28-01-2026	MD-101	Mantencion	9814	Sí					Finalizada
28-01-2026	VD-111	Mantencion	54500	Sí					Finalizada
04-02-2026	MD-56	Mantencion	15554	Sí					Finalizada
12-02-2026	VD-78	Mantencion 10mil	138841	Sí					Finalizada
13-02-2026	CD-87	Mantencion	9302	Sí					Finalizada
19-02-2026	VD-122	Mantencion de 10000KM	39996	Sí	16152				Finalizada
20-02-2026	VD-125	Mantencion de 10000KM	58306	Sí	Ext				Finalizada
20-02-2026	CD-69	Mantencion 300Hr	12750	Sí	15104				Finalizada
20-02-2026	VD-115	Mantencion de 10000KM	61470	Sí	15102				Finalizada
21-02-2026	VD-116	Mantencion de 10000KM	61948	Sí	15101				Finalizada
04-11-2025	VD-112	Mantencion de 10000KM	81949	Sí	389				Finalizada
21-07-2025	VD-78	Mantencion de 10000KM	110210	Sí					Finalizada
13-02-2026	MD-100	Mantencion 300Hr	2610	Sí	15961				Finalizada
02-02-2026	VD-110	Mantencion 10mil	79968	Sí	15956				Finalizada
09-02-2026	CD-102	Mantencion 300Hr		Sí	15959				Finalizada
07-02-2026	CD-104	Mantencion 300Hr		Sí	nn				Finalizada
25-02-2026	VD-29	Mantencion 10mil		Sí	nn				Finalizada
	VD-100	Mantencion 10mil	89665	Sí					Finalizada
05-03-2026	MD-26	Mantencion 250Hrs	16953	Sí					Finalizada
05-03-2026	CD-120	Mantencion 250Hrs	3406	Sí					Finalizada
04-03-2026	CD-121	Mantencion 250Hrs	3468	Sí					Finalizada
05-03-2026	CD-140	Mantencion 10000Km	295000	Sí					Finalizada
03-03-2026	CD-122	Mantencion 250Hrs	3654	Sí					Finalizada
02-03-2026	CD-88	Mantencion 250Hrs	1978	Sí					Finalizada
05-03-2026	VD-107	Mantencion 15000Km	75400	Sí		Rosselot		 $425.505,00 	Finalizada
18-02-2026	VD-112	Mantencion 15000Km	107335	Sí					Finalizada
06-03-2026	VD-102	Mantencion 15000Km	105962	Sí	105962				Finalizada
12-03-2026	VD-88	Mantencion 15000Km	123772	Sí		Palmucho			Finalizada
12-03-2026	CD-109	Mantencion 10000Km	189849	Sí		Q-61			Finalizada
11-03-2026	MD-67	Mantencion 250Hrs	3745	Sí		Q-61	COM. PUENTES DE MAULE LTDA.	 $177.476,00 	Finalizada
16-03-2026	EQP-7	Mantencion 250Hrs	15727	Sí		San Nicolas		 $866.929,00 	Finalizada
13-03-2026	VD-109	Mantencion 15000Km	107210	Sí		Rosselot		 $405.817,00 	Finalizada
13-03-2026	MD-70	Mantencion 250Hrs	13040	Sí	17151	Pelluhue	SOCIEDAD COMERCIAL SOCOFIL LIMITADA	 $89.099,98 	Finalizada
17-03-2026	MD-73	Mantencion 250Hrs	17296	Sí	17155	Curico	COM. PUENTES DE MAULE LTDA.	 $289.773,33 	Finalizada
13-03-2026	MD-62	Mantencion 250Hrs	17152	Sí	17152	Curico	H.V.O. COMERCIAL Y TRANSPORTES SPA	 $277.000,00 	Finalizada
13-03-2026	MD-57	Mantencion 250Hrs	13650	Sí	17153	Curico	HD HYUNDAI INFRACORE CHILE S.A	 $125.352,00 	Finalizada
04-02-2026	MD-68	Mantencion 250Hrs	3472	Sí			COM. PUENTES DE MAULE LTDA.	 $177.476,00 	Finalizada
17-03-2026	MD-102	Mantencion 250Hrs	5648	Sí	15994	Cobquecura	COM. PUENTES DE MAULE LTDA.	 $177.476,00 	Finalizada
12-03-2026	CD-122	Mantencion 250Hrs	3694	Sí	15992	San Nicolas	UNIÓN TÉCNICA AUTOMOTRIZ LTDA.	 $231.191,00 	Finalizada
12-03-2026	MD-75	Mantencion 500Hrs	1713	Sí		Quirihue	COM. PUENTES DE MAULE LTDA.	 $133.882,14 	Finalizada
05-03-2026	VD-138	Mantencion 15000Km	14872	Sí		Kaufmann	KAUFMANN S A VEHICULOS MOTORIZADOS	 $252.383,00 	Finalizada
18-03-2026	VD-140	Mantencion 15000Km	22254	Sí		Kaufmann	KAUFMANN S A VEHICULOS MOTORIZADOS	 $310.988,00 	Finalizada
18-03-2026	VD-130	Mantencion 15000Km	78670	Sí		Kaufmann	KAUFMANN S A VEHICULOS MOTORIZADOS	 $487.719,00 	Finalizada
18-03-2026	VD-97	Mantencion 15000Km	110602	Sí		Kaufmann	KAUFMANN S A VEHICULOS MOTORIZADOS	 $276.888,00 	Finalizada
18-03-2026	VD-123	Mantencion 10000Km	78795	Sí	15106	Taller	SOCIEDAD COMERCIAL SOCOFIL LIMITADA	 $32.014,00 	Finalizada
11-03-2026	CD-107	Mantencion 250Hrs	10923	Sí	15107	Taller			Finalizada
12-03-2026	MD-95	Mantencion 250Hrs	1713	Sí	15991	Quirihue	COM. PUENTES DE MAULE LTDA.	 $133.882,14 	Finalizada
05-03-2026	MD-107	Mantencion 250Hrs	1462	Sí			KAUFMANN S A VEHICULOS MOTORIZADOS	 $249.078,00 	Finalizada
19-03-2026	CD-90	Mantencion 250Hrs	9317	Sí		Taller			Finalizada
18-03-2026	CD-119	Mantencion 10000Km	195600	Sí			AUTOMOTORA ALAMEDA SPA	 $143.221,00 	Finalizada
19-03-2026	MD-87	Mantencion 250Hrs	6683	Sí	17156	Colbun			Finalizada
05-02-2026	MD-110	Mantencion 250Hrs	8547	Sí		Quirihue			Finalizada
19-02-2026	VD-120	Mantencion 10000	61470	Sí		Quirihue			Finalizada
13-11-2025	MD-28	Mantencion 250Hrs	21210	Sí		Villa Seca			Finalizada
06-03-2026	VD-121	Mantencion 10000Km	71838	Sí	16205	San Carlos			Finalizada
04-03-2026	MD-39	Mantencion 250Hrs	8980	Sí	16202				Finalizada
09-01-2026	VD-139	Mantencion 15000KM	11406	Sí		Kaufmann	KAUFMANN S A VEHICULOS MOTORIZADOS	 $254.792,00 	Finalizada
29-12-2025	VD-129	Mantencion 15000KM	65636	Sí		Kaufmann	KAUFMANN S A VEHICULOS MOTORIZADOS	 $573.317,00 	Finalizada
05-01-2026	VD-125	Mantencion 10000Km	30210	Sí					Finalizada
07-01-2026	VD-131	Mantencion 15000Km	85271	Sí		Kaufmann	KAUFMANN S A VEHICULOS MOTORIZADOS	 $725.040,00 	Finalizada
24-03-2026	VD-128	Mantencion 15000Km	86820	Sí		Kaufmann	KAUFMANN S A VEHICULOS MOTORIZADOS	 $698.466,00 	Finalizada
20-03-2026	VD-94	Mantencion 15000Km	92994	Sí					Finalizada
24-02-2026	VD-115	Mantencion 10000Km	90248	Sí					Finalizada
24-03-2026	CD-110	Mantencion 10000Km	275548	Sí		Cobquecura			Finalizada
18-03-2026	VD-110	Mantencion 10000KM	90000	Sí					Finalizada
18-03-2026	CD-119	Mantencion 10000Km	195600	Sí		San Nicolas	AUTOMOTORA ALAMEDA SPA	 $170.432,99 	Finalizada
	VD-90	Mantencion 15000Km	118530	Sí					Finalizada
24-03-2026	CD-132	Mantencion 250Hrs	7682	Sí		Palmucho			Finalizada
25-03-2026	MD-99	Mantencion 250Hrs	2277	Sí		Palmucho			Finalizada
25-03-2026	MD-80	Mantencion 250Hrs	4116	Sí		Palmucho			Finalizada
26-03-2026	EQP-11	Mantencion 250Hrs	2050	Sí		Palmucho			Finalizada
27-03-2026	ED-61	Mantencion 250Hrs	1541	Sí		Palmucho			Finalizada
28-01-2026	VD-137	Mantencion 15000Km	12362	Sí		Kaufmann		 $263.017,00 	Finalizada
01-02-2026	VD-135	Mantencion 10000Km	30000	Sí					Finalizada
24-03-2026	VD-118	Mantencion 10000Km	46246	Sí					Finalizada
24-03-2026	MD-37	Mantencion 250Hrs	13482	Sí		Colbun			Finalizada
25-03-2026	VD-38	Mantencion 10000Km	561359	Sí		Taller			Finalizada
30-03-2026	MD-100	Mantencion 250Hrs	2885	Sí		San Nicolas			Finalizada
26-03-2026	MD-83	Mantencion 250Hrs	8346	Sí		San Nicolas			Finalizada
23-03-2026	MD-79	Mantencion 250Hrs	12775	Sí		Cobquecura			Finalizada
31-03-2026	CD-98	Mantencion 10000Km	342684	Sí		Curico			Finalizada
18-03-2026	VD-64	Mantencion 10000Km	241448	Sí		San Nicolas			Finalizada
31-03-2026	VD-85	Mantencion 10000Km	306311	Sí		Taller			Finalizada
01-04-2026	VD-114	Mantencion 10000Km	68137	Sí		Palmucho			Finalizada
30-03-2026	EQP-18	Mantencion 250Hrs	4924	Sí		Palmucho			Finalizada
08-04-2026	VD-134	Mantencion 15000Km		Sí		Kaufmann			
06-04-2026	VD-95	Mantencion 10000Km	148168	Sí		Taller			Finalizada
01-04-2026	CD-100	Mantencion 250Hrs	2882	Sí		San Carlos			Finalizada
06-04-2026	VD-108	Mantencion 15000Km		Sí		Rosselot			
14-10-2015	VD-126	Mantencion 15000Km	39117	Sí		Kaufmann	KAUFMANN S A VEHICULOS MOTORIZADOS	 $405.603,00 	Finalizada
25-11-2025	VD-133	Mantencion 15000Km	52833	Sí		Kaufmann	KAUFMANN S A VEHICULOS MOTORIZADOS	 $546.131,00 	Finalizada
06-04-2026	VD-78	Mantencion 10000Km	148444	Sí					Finalizada
12-03-2026	CD-123	Mantencion 250Hrs	3693	Sí					Finalizada
27-03-2026	MD-49	Mantencion 250Hrs	1974	Sí					Finalizada
09-04-2026	VD-136	Mantencion 15000Km	21224	Sí		Kaufmann	KAUFMANN S A VEHICULOS MOTORIZADOS	 $499.644,00 	Finalizada
09-04-2026	VD-127	Mantencion 15000Km	72423	Sí		Kaufmann	KAUFMANN S A VEHICULOS MOTORIZADOS	 $607.478,00 	Finalizada
09-04-2026	VD-115	Mantencion 10000Km	104090	Sí		Taller			Finalizada
09-04-2026	MD-28	Mantencion 250Hrs	21445	Sí		Villa Seca			Finalizada
13-04-2026	VD-90	Mantencion 10000Km	133477	Sí		Taller			Finalizada
14-04-2026	VD-112	Mantencion 10000Km	117843	Sí					Finalizada
09-04-2026	CD-136	Mantencion 10000Km	67550	Sí					Finalizada
13-04-2026	MD-84	Mantencion 250Hrs	5770	Sí		Quirihue			Finalizada
25-03-2026	MD-71	Mantencion 500Hrs	6071	Sí		Taller			Finalizada
13-04-2026	CD-102	Mantencion 250Hrs	10400	Sí		Taller			Finalizada
09-04-2026	ED-52	Mantencion 250Hrs	402	Sí		Taller			Finalizada
08-04-2026	MD-104	Mantencion 250Hrs	1540	Sí					Finalizada
12-04-2026	VD-85	Mantencion 10000Km	266000	Sí		San Carlos			Finalizada
15-04-2026	ED-73	Mantencion 250Hrs	867	Sí		San Carlos			Finalizada
15-04-2026	CD-105	Mantencion 10000Km	10738	Sí		Palmucho			Finalizada
20-04-2026	VD-120	Mantencion 10000Km	69677	Sí		Palmucho			Finalizada
17-04-2026	VD-75	Mantencion 10000Km	170002	Sí		Taller			Finalizada
17-04-2026	CD-127	Mantencion 10000Km	138500	Sí		Taller			Finalizada
14-04-2026	VD-92	Mantencion 10000Km	98151	Sí		Cobquecura			Finalizada
19-03-2026	MD-94	Mantencion 250Hrs	2360	Sí					Finalizada
21-04-2026	MD-82	Mantencion 250Hrs	10453	Sí		Palmucho			Finalizada
22-04-2026	MD-101	Mantencion 250Hrs	10154	Sí		Palmucho			Finalizada
23-04-2026	VD-131	Mantencion 10000Km	100657	Sí		Taller			Finalizada
21-04-2026	MD-89	Mantencion 250Hrs	10222	Sí		Quirihue			Finalizada
20-04-2026	MD-103	Mantencion 250Hrs	4308	Sí		Quirihue			Finalizada
21-04-2026	MD-55	Mantencion 250Hrs	7113	Sí		Quirihue			Finalizada
24-04-2026	MD-76	Mantencion 250Hrs	8705	Sí		Palmucho			Finalizada
27-04-2026	VD-116	Mantencion de 10000KM	73245	Sí					Finalizada
05-05-2026	MD-93	Mantencion 250Hrs	2163	Sí		Palmucho			Finalizada
04-05-2026	VD-134	Mantencion 10000KM	100000	Sí		Taller Central			Finalizada
05-05-2026	CD-114	Mantencion 250Hrs	4010	Sí		San Carlos			Finalizada
05-05-2026	VD-58	Mantencion 10000KM	169260	Sí		San Carlos			Finalizada
05-05-2026	VD-100	Mantencion 10000Km	99593	Sí		Taller Central			Finalizada
29-04-2026	MD-72	Mantencion 250Hrs	7968	Sí		Taller Central			Finalizada
29-04-2026	VD-60	Mantencion 10000Km	158018	Sí		Taller Central			Finalizada
29-04-2026	MD-110	Mantencion 250Hrs	8832	Sí		Quirihue			Finalizada
04-05-2026	MD-96	Mantencion 250Hrs	1905	Sí		San Carlos			Finalizada
04-05-2026	CD-136	Mantencion 10000Km	72839	Sí		Taller Central			Finalizada
28-04-2026	MD-85	Mantencion 250Hrs	596	Sí		San Nicolas			Finalizada
07-05-2026	CD-89	Mantencion 250Hrs	8875	Sí		Palmucho			Finalizada
25-03-2026	MD-99	Mantencion 250Hrs	2277	Sí		Palmucho			Finalizada
25-03-2026	MD-80	Mantencion 250Hrs	4469	Sí		Palmucho			Finalizada
